﻿Spotify ID,Artist IDs,Track Name,Album Name,Artist Name(s),Release Date,Duration (ms),Popularity,Added By,Added At,Genres,Danceability,Energy,Key,Loudness,Mode,Speechiness,Acousticness,Instrumentalness,Liveness,Valence,Tempo,Time Signature
2NV0mpU5YbyJXydzYPgw5O,"0ErzCpIMyLcjPiwT4elrtZ,55Aa2cqylxrFIXC767Z865","AIN'T GONNA ANSWER","AIN'T GONNA ANSWER","NLE Choppa,Lil Wayne",2023-03-23,187453,0,spotify:user:,2023-03-24T04:00:00Z,"memphis hip hop,hip hop,new orleans rap,pop rap,rap,trap",0.879,0.875,10,-1.868,0,0.18,0.0808,0,0.327,0.763,95.021,4
7rl489EKnUgITmkBd6P9zi,"2Ggj5XNlIb4Lnbqe307FyB,3MdXrJWsbVzdn6fe5JYkSQ,5lbW0rNhFyCiSlClBMYbki","Don't Play With It (feat. Latto & Yung Miami) - Remix","Don't Play With It (feat. Latto & Yung Miami) [Remix]","Lola Brooke,Latto,Yung Miami",2023-03-24,179533,0,spotify:user:,2023-03-24T04:00:00Z,"trap queen,viral rap,pop,r&b,rap",0.776,0.688,1,-5.75,1,0.127,0.00645,0,0.0757,0.43,99.122,4
5H7IzRvSCGY2p7jjuCu6g1,"08PvCOlef4xdOr20jFSTPd,2sflbTtCirog5VxD6jPAfb,7eDFwYpqsAROCZibWYr5C1","Bed Time (feat. Monaleo & Gloss Up)","Bed Time (feat. Monaleo & Gloss Up)","Flo Milli,Monaleo,Gloss Up",2023-03-23,220443,0,spotify:user:,2023-03-24T04:00:00Z,"dance pop,pop,r&b,rap,viral rap",0.889,0.814,2,-4.549,1,0.0645,0.15,0.0000191,0.0709,0.337,109.965,4
7qAwnjc2qPbpK1gB4VRwXW,"6MPCFvOQv5cIGfw3jODMF0,757aE44tKEUQEqRuT6GnEB,46SHBwWsqBkxI7EeeBEQG7","I Remember (feat. Roddy Ricch & Kodak Black)","I Remember (feat. Roddy Ricch & Kodak Black)","Internet Money,Roddy Ricch,Kodak Black",2023-03-24,173379,20,spotify:user:,2023-03-24T04:00:00Z,"pop rap,rap,trap,viral rap,melodic rap,florida drill,florida rap,hip hop,miami hip hop,trap latino",0.517,0.571,1,-7.502,0,0.124,0.074,0,0.0982,0.428,144.745,4
75mPObh81zu09GdVOfRG6l,"6aiFCgyKNwF9Rv5TOxnE8E,1pPmIToKXyGdsCF6LmqLmI","850 (We On Top) [feat. Rich The Kid]","850 (We On Top) [feat. Rich The Kid]","IDK,Rich The Kid",2023-03-24,219041,19,spotify:user:,2023-03-24T04:00:00Z,"dmv rap,hip hop,rap,trap,underground hip hop,viral rap,atl hip hop,melodic rap,plugg,pop rap,southern hip hop,vapor trap",0.618,0.528,11,-8.211,1,0.382,0.0317,0,0.0929,0.422,123.024,4
7r6uppLBApzJPMpDmdFoi4,"3IJ21966TwNZI24MwZHMu4,6cK3NBO6uP7hh0oyuVELFl","Hey, Mickey!","Hey, Mickey!","Baby Tate,Saweetie",2023-03-24,173532,0,spotify:user:,2023-03-24T04:00:00Z,"alternative r&b,pop,rap,trap queen,viral rap,cali rap,dance pop",0.943,0.625,9,-7.85,1,0.0699,0.25,0,0.0981,0.725,134.965,4
0GHiZ3kacZWNjEx26ZTyM8,"3crnzLy8R4lVwaigKEOz7V","Bands","Bands","E-40",2023-03-24,157660,0,spotify:user:,2023-03-24T04:00:00Z,"cali rap,gangster rap,hip hop,hyphy,oakland hip hop,pop rap,rap,southern hip hop,trap,west coast rap",0.801,0.952,10,-2.835,1,0.252,0.0392,0,0.146,0.466,134.874,4
39uEuUEWsAZtozSQRPlf62,"6veh5zbFpm31XsPdjBgPER,5Y5TRrQiqgUO4S36tzjIRZ","I'M THAT BITCH","I'M THAT BITCH","BIA,Timbaland",2023-03-24,152043,23,spotify:user:,2023-03-24T04:00:00Z,"alternative r&b,pop,r&b,rap,rap latina,trap queen,viral rap,dance pop,hip hop,pop rap,urban contemporary",0.813,0.636,7,-6.173,0,0.21,0.328,0,0.129,0.723,140.948,4
3MT8ekypV5xYBLstqFpDkV,"4c2ighP1wj8E5dVGJDCOiB,0CKa42Jqrc9fSFbDjePaXP","TURNIN' HEADS","TURNIN' HEADS","Kari Faux,Big K.R.I.T.",2023-03-22,176982,32,spotify:user:,2023-03-24T04:00:00Z,"alternative r&b,arkansas hip hop,escape room,indie r&b,indie soul,multidisciplinary,trap queen,viral rap,alternative hip hop,conscious hip hop,dirty south rap,gangster rap,hip hop,houston rap,mississippi hip hop,pop rap,rap,southern hip hop,trap,underground hip hop",0.782,0.54,1,-8.891,1,0.143,0.385,0,0.172,0.842,142.613,4
27N0pJsw7yMwewEEgFdklN,"6q3p11nP1p80Ey6LrOOSed,20qISvAhX20dpIbOOzGK3q","The Tide","SURF OR DROWN","Hit-Boy,Nas",2023-03-24,236730,0,spotify:user:,2023-03-24T04:00:00Z,"cali rap,conscious hip hop,east coast hip hop,gangster rap,hardcore hip hop,hip hop,queens hip hop,rap",0.455,0.704,1,-5.218,1,0.378,0.245,0,0.156,0.325,77.783,4
1CukLFTHUU14jP0aCImrgs,"7e10JUMF7MJmmwYpnTSMI5","Above Water","Above Water","Dave East",2023-03-24,171000,0,spotify:user:,2023-03-24T04:00:00Z,"gangster rap,harlem hip hop,hip hop,nyc rap,pop rap,rap,southern hip hop,trap,underground hip hop",0.597,0.863,7,-7.371,1,0.363,0.0493,0,0.295,0.829,80.316,4
03gTp2zMOTL36xDsfzgJlh,"2AfU5LYBVCiCtuCCfM7uVX,5v0XTlB9FqNvfBfnw8n5b0","High Noon","To See A Sunset","Kota the Friend,Statik Selektah",2023-03-24,184847,0,spotify:user:,2023-03-24T04:00:00Z,"hip hop,rap,underground hip hop,alternative hip hop,boom bap,boston hip hop,hardcore hip hop",0.524,0.799,8,-7.25,1,0.277,0.0643,0,0.243,0.757,82.09,4
0IVrmgdiC3RdRHXVZbYtw5,"1TlmLsx42aT281z8NWrKef,7azVk8ZXv1yB4rOmPMZvUD","Optical Illusions","Optical Illusions","DillanPonders,BVB",2023-03-22,193253,16,spotify:user:,2023-03-24T04:00:00Z,"canadian hip hop,canadian trap,underground hip hop,indie hip hop",0.801,0.513,11,-7.466,0,0.124,0.032,0.00013,0.0902,0.248,80.743,4
7LFN9ERrNzpsVg5BYcJCqt,"6fKiutMtRIcxi4zEau0BuI","Problem","Problem","Big Boss Vette",2023-03-23,144927,0,spotify:user:,2023-03-24T04:00:00Z,"trap queen,viral rap",0.87,0.819,2,-3.925,1,0.323,0.0255,0.00178,0.0789,0.405,161.018,4
4ZB1XkV5RBj7fGcPfNCRDb,"0XJA8RpM6VgQeIYzjnP8wK,6o4O5GX5kOWAGXtZUedxo3","Move (Remix) (with KenTheMan)","Move (Remix)","Connie Diiamond,KenTheMan",2023-03-24,170370,0,spotify:user:,2023-03-24T04:00:00Z,"escape room,trap queen,alternative r&b,houston rap,pop r&b,viral rap",0.702,0.814,1,-7.989,1,0.383,0.0481,0,0.163,0.741,161.785,4
1jCZy2BqlnxOrKdEBqmSIK,"2MjVr5NjCCoPSEkXnl92Ld,0GGKrcPOlBkmBzQDf2Ogkl","Don't Lie (feat. Kuami Eugene)","Just to Piss You Off","Kofi,Kuami Eugene",2023-03-24,170232,0,spotify:user:,2023-03-24T04:00:00Z,"canadian hip hop,lovers rock,asakaa,azontobeats",0.613,0.328,6,-11.673,0,0.484,0.122,0.000781,0.0937,0.434,85.521,4
3AzmPUPk59zgO3XURjGJ8R,"2NfwGBr2swqZ1rzE3kAV23","1-800-Bad-Bxtch","1-800-Bad-Bxtch","Saucy Santana",2023-03-24,154691,0,spotify:user:,2023-03-24T04:00:00Z,"trap queen,viral rap",0.846,0.711,2,-4.043,1,0.2,0.00497,0,0.0793,0.656,93.937,4
487hvKP1ZB9LnaimqxNezp,"75idTho2H32dlquJKSarJe,6q2peHL8h2vUGvWNbsIjii","Members","Members","Bunlo,Payroll Giovanni",2023-03-23,164355,0,spotify:user:,2023-03-24T04:00:00Z,"detroit trap",0.895,0.59,8,-8.638,1,0.364,0.125,0,0.109,0.266,105.055,4
4s9jU8Krr0ICOhOF7JoBGX,"1FvjvACFvko2Z91IvDljrx,1CRTa2b81vACLSOWujVMbk","The Truth","The Truth","Mick Jenkins,Deep Thought",2023-03-24,180000,0,spotify:user:,2023-03-24T04:00:00Z,"alternative hip hop,chicago rap,conscious hip hop,drill,hip hop,rap,underground hip hop",0.411,0.572,7,-10.77,1,0.374,0.0657,0.00644,0.373,0.298,101.35,4
5c5Jkj5WUgkfTF0X6me831,"5Jw6zr5U4jNtFzDQvtjNSH","The Precipice","The Precipice","WISE",2023-03-24,145000,0,spotify:user:,2023-03-24T04:00:00Z,"canadian hip hop,toronto rap",0.711,0.735,8,-8.46,1,0.291,0.382,0,0.104,0.518,126.354,5
5L0QxWi5Jo4gjw4yHR0kP1,"6yJ6QQ3Y5l0s0tn7b0arrO,7aA592KWirLsnfb5ulGWvU","SCARING THE HOES","SCARING THE HOES","JPEGMAFIA,Danny Brown",2023-03-21,142825,58,spotify:user:,2023-03-24T04:00:00Z,"alternative hip hop,escape room,experimental hip hop,hip hop,industrial hip hop,rap,underground hip hop,detroit hip hop",0.552,0.996,7,2.343,1,0.103,0.244,0.0000028,0.362,0.689,133.058,4
4nZ4aGaAixvW9D7TethGee,"6rIaHuCIUu32uj2CjlEBN3,46fHMu9KxdQwcGV9xI1L9R","KISS N' TELL (feat. Dro Kenji)","KISS N' TELL (feat. Dro Kenji)","Mike Dimes,Dro Kenji",2023-03-24,126058,0,spotify:user:,2023-03-24T04:00:00Z,"rap,underground hip hop,viral rap,sad rap,vapor trap",0.716,0.66,6,-6.711,0,0.0813,0.261,0,0.312,0.49,149.975,4
1GyoJBAjrIkVkPdcl7yCn3,"1jBoSSrbz9n4ehQWA4cZgB,4r63FhuTkUYltbVAg5TQnk","Hate It or Love It (with DaBaby)","Hate It or Love It (with DaBaby)","Rob49,DaBaby",2023-03-22,136833,36,spotify:user:,2023-03-24T04:00:00Z,"north carolina hip hop,rap,trap",0.799,0.762,1,-4.834,1,0.382,0.0264,0,0.0843,0.735,156.948,4
6TMwCGsTOlt796wpmiFIt7,"1grN0519h2zYqpRtYbDZAl,0eVyjRhzZKke2KFYTcDkeu,0c173mlxpT3dSFRgMO8XPh","Palisades, CA","Palisades, CA","Larry June,The Alchemist,Big Sean",2023-03-22,192226,43,spotify:user:,2023-03-24T04:00:00Z,"cali rap,hip hop,alternative hip hop,rap,west coast rap,detroit hip hop,pop,pop rap,r&b,southern hip hop,trap",0.726,0.746,5,-8.74,0,0.283,0.0887,0.000558,0.382,0.692,129.99,4
1xMZya9eNmNbchdwQACfoP,"6DXbnRlv1UgusrKOxc39j7","Different Cloth","Different Cloth","Lindasson",2023-03-23,137142,0,spotify:user:,2023-03-24T04:00:00Z,"canadian trap",0.851,0.607,10,-8.908,0,0.281,0.385,0,0.142,0.593,126.034,4
22AmDuCepmnwIVF0WHz3uw,"5tHiL8SKSaZGMBUPIiSmX4,369T15zvlCiF4zAzdZNhQL,53EHeXzGs4HheTCTnwfPEr","Baby","Baby","KitschKrieg,Arz,SFR",2023-03-23,199388,0,spotify:user:,2023-03-24T04:00:00Z,"german hip hop,hamburg hip hop,chill drill,melodic drill",0.877,0.84,7,-9.249,1,0.223,0.179,0.00000114,0.704,0.885,131.883,4
4oTG7A2xcJHdBM7671td9p,"3BYzEWh3pY0DZpMN0hFufv","Temperatures Rise","Temperatures Rise","Chaz French",2023-03-22,168362,2,spotify:user:,2023-03-24T04:00:00Z,"dmv rap",0.647,0.652,8,-6.922,0,0.178,0.136,0,0.12,0.18,136.86,4
0bc3I3fYeyHj6dyEaaV2ga,"0G57ms4DD5dn6wXwuFOLdO,6fxyWrfmjcbj5d12gXeiNV","Lady Draco","Lady Draco","Twelve'len,Denzel Curry",2023-03-22,139668,45,spotify:user:,2023-03-24T04:00:00Z,"miami hip hop,dark trap,drill,hip hop,rap,underground hip hop",0.818,0.539,11,-10.553,1,0.147,0.345,0.00326,0.302,0.619,143.608,4
6qBAhW4zN4l7BzjkfT8bqD,"0LAurKItZ2c5kltNoRMtKq,3O7mUqVuHmLJqHXbFiQY62","RiCK (feat. Warhol.SS)","RiCK (feat. Warhol.SS)","CASTRO,Warhol.SS",2023-03-24,169001,0,spotify:user:,2023-03-24T04:00:00Z,"chicago rap,plugg,underground hip hop,vapor trap,viral rap",0.795,0.563,0,-4.774,0,0.258,0.209,0.0000793,0.109,0.843,140.047,4
5nK2Nmo5cNHB7FeBddWWTq,"4lph4e07jjlKkioG1bQx95,7pDkjftAxiFHomWsPNkapS,7BMccF0hQFBpP6417k1OtQ,5LhTec3c7dcqBvpLRWbMcf","Szechuan Capital","Szechuan Capital","Meyhem Lauren,DJ Muggs,Action Bronson,Madlib",2023-03-24,303575,0,spotify:user:,2023-03-24T04:00:00Z,"alternative hip hop,boom bap,hardcore hip hop,queens hip hop,underground hip hop,turntablism,east coast hip hop,escape room,hip hop,nyc rap,rap,abstract hip hop,psychedelic hip hop",0.552,0.834,8,-4.684,1,0.369,0.0903,0.000123,0.52,0.7,70.073,4
1pExjTeIPJsPj26mpJOofO,"4IprNlQiJZUUJhDl0fL2SL","Where Would I Be","Recovery","Quando Rondo",2023-03-24,122623,0,spotify:user:,2023-03-24T04:00:00Z,"melodic rap,southern hip hop,trap",0.672,0.539,2,-7.89,1,0.151,0.292,0,0.182,0.401,144.15,4
25d7Trux92YqeS1iZpa0TN,"04zbRSHjzlQYvV31SW7qZ4","OUT THE WINDOW","GENERATIONAL CURSE","ICECOLDBISHOP",2023-03-24,236680,0,spotify:user:,2023-03-24T04:00:00Z,"indie hip hop",0.85,0.685,6,-4.417,1,0.0968,0.0999,0,0.302,0.634,146.051,4
2Wv9KBIQe5WbKKtfPjtEGc,"17o6H1EQGD90TQxJ4pErIU","NUBIAN FARLOW","NUBIAN FARLOW","Varnish La Piscine",2023-02-24,207853,43,spotify:user:,2023-03-24T04:00:00Z,"swiss hip hop",0.583,0.679,4,-7.962,0,0.272,0.0267,0,0.346,0.37,170.865,3
6L7vf5MEgmwnfkSnNdI84y,"5qRbfEf4Ooo19aRXKQzvUV","Kill Switch","Ways of Knowing","Navy Blue",2023-03-23,201164,3,spotify:user:,2023-03-24T04:00:00Z,"alternative hip hop,boom bap,jazz rap,underground hip hop",0.382,0.452,0,-10.741,1,0.312,0.459,0.0304,0.43,0.34,169.261,3
0VJnARijlKyC0jOvcQlYfE,"3PJqNqnYLkNjPUliUaiZig,3LVjqBF6OlWuuCEaLiaYPP,15lOM8PWY9pXQoURZwSZlK","Yellow Diamonds","Essex Boys","Roshin,Essex Boys,Shad",2023-03-22,205134,0,spotify:user:,2023-03-24T04:00:00Z,"canadian underground hip hop,alternative hip hop,canadian hip hop,canadian old school hip hop,conscious hip hop",0.414,0.898,7,-4.974,1,0.264,0.562,0.000098,0.405,0.618,79.442,4
1LLdw50jSFEG7CaLQa4drf,"7EPOTd0v6jTEzHAiJ8xANB,6AMa1VFQ7qCi61tCRtVWXe,7e10JUMF7MJmmwYpnTSMI5","Up It","Up It","Sns,Jim Jones,Dave East",2023-03-22,211391,26,spotify:user:,2023-03-24T04:00:00Z,"gangster rap,harlem hip hop,hip hop,pop rap,rap,trap,nyc rap,southern hip hop,underground hip hop",0.783,0.529,11,-9.801,1,0.359,0.0385,0,0.113,0.469,156.023,4
2mSvuW1tjFx5uy17EVkaT5,"7aGhkUVp7V3klWfTFe7AHS,7e3FtKBIPLrIVm8g1FJMVg","Pelle Pelle","Pelle Pelle","femdot.,Sango",2023-03-21,131157,28,spotify:user:,2023-03-24T04:00:00Z,"indie hip hop,underground hip hop,abstract beats,alternative r&b,indie soul,vapor twitch",0.383,0.786,9,-5.582,1,0.271,0.0733,0,0.2,0.416,147.742,4
2cmhewaI5xCtAsW6pQoKKM,"3HShZ9OYr5GdhHI8DU9Yzy","Be With You","How Did I End Up Here (Deluxe)","Duvy",2023-03-24,172120,0,spotify:user:,2023-03-24T04:00:00Z,"canadian hip hop",0.795,0.592,10,-8.005,0,0.058,0.193,0.0159,0.121,0.606,145.032,4
6YfP6sUtilPmBaX5upo6Pz,"3aGFCoR8xGN6DKwvdzeSja","SCUSE ME","SCUSE ME","ILOVEMAKONNEN",2023-03-24,171942,0,spotify:user:,2023-03-24T04:00:00Z,"atl hip hop,lgbtq+ hip hop,trap",0.745,0.834,0,-6.359,1,0.104,0.402,0,0.142,0.717,134.126,4
70R9j6B6HQX8qXduSS2nEf,"09LsWmB9WJO91pmy64Dokc,4Q2hTDZYFCohf17D5GvkIb","Off The Stoop","Off The Stoop","Austin Sour,G Perico",2023-03-24,139526,0,spotify:user:,2023-03-24T04:00:00Z,"cali rap,west coast trap,westcoast flow",0.886,0.655,6,-4.446,1,0.0895,0.155,0,0.099,0.467,100.02,4
0E1xO4LIXWBRxSaKVtls87,"63GIj2yhFvX1Bzphb9JgVb","Apologies","Apologies","Fenix Flexin",2023-03-24,190396,0,spotify:user:,2023-03-24T04:00:00Z,"cali rap,viral rap",0.841,0.727,10,-7.711,0,0.327,0.0719,0,0.186,0.344,101.019,4
5iGW0R1VKlXaMGBtmcKwx5,"382iZHdMjKXI44HC0IwOSr,6C526McCewIs40ZHQLrmZm","Wouldn't Change","Wouldn't Change","Junk,Teon Gibbs",2023-03-24,171512,0,spotify:user:,2023-03-24T04:00:00Z,"bc underground hip hop,canadian hip hop,canadian underground hip hop,deep underground hip hop",0.738,0.652,5,-5.533,0,0.245,0.249,0,0.0957,0.355,89.106,4
2PDuJhsbXd88akE6VejIFK,"32cT1WQRSDg4xsReG7eqyT,37ASGd4rWpHjuVonnYAN6S,3I6neO2jiyMa8arh6JBe7e","Outside","Outside","38 Spesh,Harry Fraud,Flee Lord",2023-03-24,111325,0,spotify:user:,2023-03-24T04:00:00Z,"boom bap,upstate ny rap,underground hip hop",0.514,0.84,9,-7.673,0,0.447,0.498,0,0.375,0.714,80.215,4
4I8uJ7vqRHrITV8t2tMqE1,"7dDYME7Y3GoEQotd8gUvQg","Over","Over","Millyz",2023-03-24,169527,0,spotify:user:,2023-03-24T04:00:00Z,"boston hip hop",0.498,0.831,5,-3.749,0,0.444,0.447,0,0.109,0.506,171.842,4
6Xwnfdd4MWXdCVke3SSDM0,"3o4GlelHWI6tlB04MACpS6,5OTdYlGM1r6HuTFAonqq03","Up Now","Up Now","Spitty,EverythingOShauN",2023-03-23,179111,0,spotify:user:,2023-03-24T04:00:00Z,"canadian hip hop",0.832,0.725,2,-6.808,1,0.188,0.334,0,0.215,0.651,130.047,4
0wAk5DOceFv0XtNifHB1Vz,"6XUsxNud8j33iC6AS8iHbK,2ZmLTdyp3OYw418egRLHkk","Stonecold","Stonecold","Versvs,Lilo Key",2023-03-24,125004,0,spotify:user:,2023-03-24T04:00:00Z,"alberta hip hop,deep underground hip hop",0.796,0.665,2,-9.703,1,0.291,0.36,0,0.0815,0.486,120.03,4
7A2Yyh5xyiyTmk41QzhspS,"0FtsMKmZEq8fBWqdSOWtqp,6xS5PpBWaVYraexEkEjjXv","Buss Me A Script","Buss Me A Script","03 Greedo,Maxo Kream",2023-03-23,192048,7,spotify:user:,2023-03-24T04:00:00Z,"cali rap,melodic rap,trap,vapor trap,westcoast flow,hip hop,houston rap,rap,southern hip hop,underground hip hop",0.825,0.718,0,-6.605,0,0.351,0.214,0,0.237,0.586,120.001,4
32dxdnvSaAIrYRjVV1YySW,"5UuB2FDyF70ko2fJOGtYhs,08RVkVEdLLoTgd5YbXHOIC","L'argent Est Dans Ta Tête","L'argent Est Dans Ta Tête","Ryzzlah,Raz Fresco",2023-03-24,173503,0,spotify:user:,2023-03-24T04:00:00Z,"boom bap,canadian underground hip hop,underground hip hop",0.348,0.683,1,-6.983,1,0.0616,0.633,0,0.378,0.878,142.381,4
4ihDvBziAGDBtxggYujhks,"1LyTmnoxLipUwTEHWSRziG,4VmEWwd8y9MCLwexFMdpwt","Subpar (with Method Man)","Subpar (with Method Man)","Prof,Method Man",2023-03-24,194826,0,spotify:user:,2023-03-24T04:00:00Z,"minnesota hip hop,east coast hip hop,gangster rap,hardcore hip hop,hip hop,pop rap,rap",0.699,0.817,7,-5.515,1,0.4,0.138,0,0.0949,0.729,150.316,4
5gAzHHzDAnuq9Ubf49OOZL,"3vDUJHQtqT3jFRZ2ECXDTi,4VmEWwd8y9MCLwexFMdpwt","101 Razors (feat. Method Man)","101 Razors (feat. Method Man)","Lloyd Banks,Method Man",2023-03-24,187500,0,spotify:user:,2023-03-24T04:00:00Z,"gangster rap,hardcore hip hop,hip hop,pop rap,queens hip hop,rap,trap,east coast hip hop",0.606,0.546,4,-15.324,0,0.391,0.75,0.0000205,0.0603,0.428,80.05,4
