﻿Spotify ID,Artist IDs,Track Name,Album Name,Artist Name(s),Release Date,Duration (ms),Popularity,Added By,Added At,Genres,Danceability,Energy,Key,Loudness,Mode,Speechiness,Acousticness,Instrumentalness,Liveness,Valence,Tempo,Time Signature
27N0pJsw7yMwewEEgFdklN,"6q3p11nP1p80Ey6LrOOSed,20qISvAhX20dpIbOOzGK3q","The Tide","SURF OR DROWN","Hit-Boy,Nas",2023-03-24,236730,0,spotify:user:,2023-03-24T04:00:00Z,"cali rap,conscious hip hop,east coast hip hop,gangster rap,hardcore hip hop,hip hop,queens hip hop,rap",0.455,0.704,1,-5.218,1,0.378,0.245,0,0.156,0.325,77.783,4
3MT8ekypV5xYBLstqFpDkV,"4c2ighP1wj8E5dVGJDCOiB,0CKa42Jqrc9fSFbDjePaXP","TURNIN' HEADS","TURNIN' HEADS","Kari Faux,Big K.R.I.T.",2023-03-22,176982,32,spotify:user:,2023-03-24T04:00:00Z,"alternative r&b,arkansas hip hop,escape room,indie r&b,indie soul,multidisciplinary,trap queen,viral rap,alternative hip hop,conscious hip hop,dirty south rap,gangster rap,hip hop,houston rap,mississippi hip hop,pop rap,rap,southern hip hop,trap,underground hip hop",0.782,0.54,1,-8.891,1,0.143,0.385,0,0.172,0.842,142.613,4
2iq4zO451gPlVSWT5PEYVg,"6neEhK0FxJha78nD9giAjW,2RBojylM3CJMcaQzNoXOzB","Respectfully","Respectfully","Mike Shabb,Nicholas Craven",2023-03-17,162978,38,spotify:user:,2023-03-24T04:00:00Z,"canadian hip hop,hip hop quebecois,rap montrealais,alternative hip hop,boom bap,underground hip hop",0.538,0.491,11,-9.241,1,0.0926,0.426,0.000627,0.116,0.479,135.883,4
6TMwCGsTOlt796wpmiFIt7,"1grN0519h2zYqpRtYbDZAl,0eVyjRhzZKke2KFYTcDkeu,0c173mlxpT3dSFRgMO8XPh","Palisades, CA","Palisades, CA","Larry June,The Alchemist,Big Sean",2023-03-22,192226,43,spotify:user:,2023-03-24T04:00:00Z,"cali rap,hip hop,alternative hip hop,rap,west coast rap,detroit hip hop,pop,pop rap,r&b,southern hip hop,trap",0.726,0.746,5,-8.74,0,0.283,0.0887,0.000558,0.382,0.692,129.99,4
60nAGisfgCfnggF6PxKMej,"1Z8ODXyhEBi3WynYw0Rya6","Me Myself and I","3 Feet High and Rising","De La Soul",1989-03-03,229312,53,spotify:user:,2023-03-24T04:00:00Z,"alternative hip hop,east coast hip hop,gangster rap,golden age hip hop,hardcore hip hop,hip hop,jazz rap,rap",0.889,0.966,2,-4.702,0,0.113,0.165,0.00000228,0.649,0.811,114.61,4
0PV1TFUMTBrDETzW6KQulB,"5Rzqmz1zAszembFHGZQuAt","93 'Til Infinity","93 'til Infinity","Souls Of Mischief",1993-02-13,286440,70,spotify:user:,2023-03-24T04:00:00Z,"alternative hip hop,hardcore hip hop,hip hop,jazz rap",0.59,0.672,1,-11.792,1,0.412,0.125,0.00000104,0.147,0.688,206.247,4
23w7p4AuDtw9CrhFBcMat5,"1iNqsUDUraNWrj00bqssQG,6l3HvQ5sa6mXTsMTB19rO5","Adonis Interlude (The Montage) (with J. Cole)","Creed III: The Soundtrack","Dreamville,J. Cole",2023-03-03,95902,70,spotify:user:,2023-03-24T04:00:00Z,"hip hop,rap,conscious hip hop,north carolina hip hop",0.474,0.83,1,-5.288,1,0.438,0.168,0,0.0947,0.431,195.799,4
4s9jU8Krr0ICOhOF7JoBGX,"1FvjvACFvko2Z91IvDljrx,1CRTa2b81vACLSOWujVMbk","The Truth","The Truth","Mick Jenkins,Deep Thought",2023-03-24,180000,0,spotify:user:,2023-03-24T04:00:00Z,"alternative hip hop,chicago rap,conscious hip hop,drill,hip hop,rap,underground hip hop",0.411,0.572,7,-10.77,1,0.374,0.0657,0.00644,0.373,0.298,101.35,4
3ABG1UQTk0eLYUAeWkmfMi,"50NoVNy9GU1lCrDV8iGpyu","Shimmy Shimmy Ya","Return to the 36 Chambers: The Dirty Version","Ol' Dirty Bastard",1995,161400,67,spotify:user:,2023-03-24T04:00:00Z,"alternative hip hop,east coast hip hop,gangster rap,hardcore hip hop,hip hop,rap",0.814,0.481,0,-5.183,1,0.245,0.097,0.0000383,0.0495,0.193,96.252,4
4hOq0WCZgv1I3okksD4bag,"1Z8ODXyhEBi3WynYw0Rya6,2iclO3rlyF0YVNE46ctYRj,3ZotbHeyVQKxQCPDJuQ4SU","Buddy - Single Mix","Buddy","De La Soul,Jungle Brothers,Q-Tip",2023-03-17,272035,47,spotify:user:,2023-03-24T04:00:00Z,"alternative hip hop,east coast hip hop,gangster rap,golden age hip hop,hardcore hip hop,hip hop,jazz rap,rap,hip house,old school hip hop,turntablism,neo soul,queens hip hop",0.879,0.703,10,-6.958,0,0.317,0.709,0.00133,0.196,0.661,99.282,4
4Hq1q82uvzNxUYmgBOxPco,"4LLpKhyESsyAXpc4laK94U","Nikes on My Feet","Nikes on My Feet","Mac Miller",2010-06-01,164411,60,spotify:user:,2023-03-24T04:00:00Z,"hip hop,pittsburgh rap,rap",0.823,0.438,9,-8.728,0,0.279,0.537,0,0.105,0.59,92.047,4
3PA9dH8cT0wR5UW4XkC44Y,"5me0Irg2ANcsgc93uaYrpb,3r0OeTcOw37N9juMYyyw39","Get Money (feat. Junior M.A.F.I.A.) - 2007 Remaster","Greatest Hits","The Notorious B.I.G.,Junior M.A.F.I.A.",2007-03-05,274440,66,spotify:user:,2023-03-24T04:00:00Z,"east coast hip hop,gangster rap,hardcore hip hop,hip hop,rap,hip pop",0.711,0.871,2,-4.32,1,0.294,0.398,0.00000169,0.171,0.912,91.153,4
6clDsO8HwhHEgJDDp88VdL,"0huGjMyP507tBCARyzSkrv,3jK9MiCrA42lLAdMGUZpwa","Two Tens (feat. Anderson .Paak)","Two Tens (feat. Anderson .Paak)","Cordae,Anderson .Paak",2023-01-25,152371,74,spotify:user:,2023-03-24T04:00:00Z,"dmv rap,hip hop,rap,trap,underground hip hop,escape room",0.603,0.546,4,-7.525,0,0.35,0.194,0.00000268,0.0783,0.667,87.99,4
4HBYReb8ynLCDpLWvMHJ5d,"4xRYI6VqpkE3UwrDrAZL8L,2Kx7MNY7cI1ENniW7vT30N","Paradise II (feat. Norah Jones) - Single Version","Paradise II (feat. Norah Jones)","Logic,Norah Jones",2023-02-07,207386,60,spotify:user:,2023-03-24T04:00:00Z,"conscious hip hop,dmv rap,hip hop,pop rap,rap,adult standards,contemporary vocal jazz,jazz pop,neo mellow",0.724,0.816,9,-2.513,0,0.228,0.219,0,0.137,0.763,87.399,4
03gTp2zMOTL36xDsfzgJlh,"2AfU5LYBVCiCtuCCfM7uVX,5v0XTlB9FqNvfBfnw8n5b0","High Noon","To See A Sunset","Kota the Friend,Statik Selektah",2023-03-24,184847,0,spotify:user:,2023-03-24T04:00:00Z,"hip hop,rap,underground hip hop,alternative hip hop,boom bap,boston hip hop,hardcore hip hop",0.524,0.799,8,-7.25,1,0.277,0.0643,0,0.243,0.757,82.09,4
1CukLFTHUU14jP0aCImrgs,"7e10JUMF7MJmmwYpnTSMI5","Above Water","Above Water","Dave East",2023-03-24,171000,0,spotify:user:,2023-03-24T04:00:00Z,"gangster rap,harlem hip hop,hip hop,nyc rap,pop rap,rap,southern hip hop,trap,underground hip hop",0.597,0.863,7,-7.371,1,0.363,0.0493,0,0.295,0.829,80.316,4
7oTTYjFN9TksJwsj55r2hb,"6q3p11nP1p80Ey6LrOOSed,0eVyjRhzZKke2KFYTcDkeu","Slipping Into Darkness","Slipping Into Darkness","Hit-Boy,The Alchemist",2023-03-14,256926,55,spotify:user:,2023-03-24T04:00:00Z,"cali rap,alternative hip hop,hip hop,rap,west coast rap",0.529,0.76,11,-5.678,1,0.247,0.54,0,0.221,0.485,80.844,4
5qlP944NySkgAtkzVGE0G3,"2ODTjg0iTHX1QxBeRNI6nT","Eee Zee","Eee Zee","Katori Walker",2023-03-17,175203,39,spotify:user:,2023-03-24T04:00:00Z,"cali rap,indie hip hop,underground hip hop",0.517,0.771,6,-6.801,1,0.248,0.0844,0,0.0836,0.397,171.013,4
2e8OPXNNk9onHe4pknBZhD,"0P54cVemq1DCHUfUMlWAoN,1peoXq0RPx7czVoFjloeDQ","Flowers (feat. MAVI)","Flowers (feat. MAVI)","TOBi,MAVI",2023-02-23,182201,55,spotify:user:,2023-03-24T04:00:00Z,"canadian contemporary r&b,canadian hip hop,indie hip hop,indie r&b,underground hip hop,hip hop,rap",0.522,0.81,0,-6.914,1,0.134,0.0676,0.0495,0.102,0.685,166.046,4
5iBEUyRJL5fV0Hl5L5AqoR,"20qISvAhX20dpIbOOzGK3q,0huGjMyP507tBCARyzSkrv,0Y4inQK6OespitzD6ijMwb","Life is Like a Dice Game - Spotify Singles","Life is Like a Dice Game - Spotify Singles","Nas,Cordae,Freddie Gibbs",2021-07-01,284093,50,spotify:user:,2023-03-24T04:00:00Z,"conscious hip hop,east coast hip hop,gangster rap,hardcore hip hop,hip hop,queens hip hop,rap,dmv rap,trap,underground hip hop,alternative hip hop,indiana hip hop,southern hip hop",0.663,0.881,5,-3.854,0,0.311,0.122,0,0.294,0.628,92.967,4
2Fw5S2gaOSZzdN5dFoC2dj,"2YZyLoL8N0Wb9xBt1NhZWg","A.D.H.D","Section.80","Kendrick Lamar",2011-07-02,215509,72,spotify:user:,2023-03-24T04:00:00Z,"conscious hip hop,hip hop,rap,west coast rap",0.609,0.799,9,-6.883,1,0.24,0.33,0,0.108,0.582,157.74,4
4ihDvBziAGDBtxggYujhks,"1LyTmnoxLipUwTEHWSRziG,4VmEWwd8y9MCLwexFMdpwt","Subpar (with Method Man)","Subpar (with Method Man)","Prof,Method Man",2023-03-24,194826,0,spotify:user:,2023-03-24T04:00:00Z,"minnesota hip hop,east coast hip hop,gangster rap,hardcore hip hop,hip hop,pop rap,rap",0.699,0.817,7,-5.515,1,0.4,0.138,0,0.0949,0.729,150.316,4
5Tbpp3OLLClPJF8t1DmrFD,"6DPYiyq5kWVQS4RGwxzPC7,7hJcb9fa4alzcOq3EaNPoG","Nuthin' But A G Thang","The Chronic","Dr. Dre,Snoop Dogg",1992-12-15,237573,76,spotify:user:,2023-03-24T04:00:00Z,"g funk,gangster rap,hip hop,rap,west coast rap,pop rap",0.669,0.821,11,-4.37,0,0.29,0.00182,0,0.147,0.684,94.895,4
0pGecxPm2EOIQgc241d38t,"33X2jfLSVyDevoksJjRZoS,57n1OF36WvtOeATY6WQ6iw","Us Against the World - Remix","Us Against the World (Remix)","Strandz,Digga D",2023-02-16,192527,69,spotify:user:,2023-03-24T04:00:00Z,"aussie drill,london rap,melodic drill",0.766,0.663,11,-6.946,0,0.245,0.0952,0,0.133,0.588,91.03,4
3yjVsUq8psgcHm8SQrZ8i4,"1C6G15UmVQMDGpYbdsf1Oi","Hip 2 Da Game","The Awakening","Lord Finesse",1996-02-20,243106,57,spotify:user:,2023-03-24T04:00:00Z,"alternative hip hop,bronx hip hop,east coast hip hop,gangster rap,hardcore hip hop,hip hop,jazz boom bap,turntablism",0.769,0.752,11,-6,1,0.324,0.0317,0.00000296,0.0564,0.527,90.228,4
119c93MHjrDLJTApCVGpvx,"34EP7KEpOjXcM2TCat1ISk,4VmEWwd8y9MCLwexFMdpwt,2yQf6b8hxahZaT5dHlWaB1,4OBbOrkD4geIjOLrICN3wO,4QTIR7KM0trauXspUNduhh","C.R.E.A.M. (Cash Rules Everything Around Me) (feat. Method Man, Raekwon, Inspectah Deck & Buddha Monk)","Enter The Wu-Tang (36 Chambers) [Expanded Edition]","Wu-Tang Clan,Method Man,Raekwon,Inspectah Deck,Buddha Monk",1993-11-09,252186,74,spotify:user:,2023-03-24T04:00:00Z,"east coast hip hop,gangster rap,hardcore hip hop,hip hop,rap,pop rap,alternative hip hop,southern hip hop,wu fam",0.479,0.549,11,-10.551,0,0.373,0.57,0.0235,0.127,0.576,180.985,4
0VJnARijlKyC0jOvcQlYfE,"3PJqNqnYLkNjPUliUaiZig,3LVjqBF6OlWuuCEaLiaYPP,15lOM8PWY9pXQoURZwSZlK","Yellow Diamonds","Essex Boys","Roshin,Essex Boys,Shad",2023-03-22,205134,0,spotify:user:,2023-03-24T04:00:00Z,"canadian underground hip hop,alternative hip hop,canadian hip hop,canadian old school hip hop,conscious hip hop",0.414,0.898,7,-4.974,1,0.264,0.562,0.000098,0.405,0.618,79.442,4
5nK2Nmo5cNHB7FeBddWWTq,"4lph4e07jjlKkioG1bQx95,7pDkjftAxiFHomWsPNkapS,7BMccF0hQFBpP6417k1OtQ,5LhTec3c7dcqBvpLRWbMcf","Szechuan Capital","Szechuan Capital","Meyhem Lauren,DJ Muggs,Action Bronson,Madlib",2023-03-24,303575,0,spotify:user:,2023-03-24T04:00:00Z,"alternative hip hop,boom bap,hardcore hip hop,queens hip hop,underground hip hop,turntablism,east coast hip hop,escape room,hip hop,nyc rap,rap,abstract hip hop,psychedelic hip hop",0.552,0.834,8,-4.684,1,0.369,0.0903,0.000123,0.52,0.7,70.073,4
42nuDGc2wYog831HhXQ6ku,"0IbD9X6mgxyaIKT3aqzioT,36zSkwftotDHslP3KUQpew,0Zji66LHK0QCC8AUMuyp3h","Bump","Bump / Inthecoupe","Harrison,MED,Guilty Simpson",2023-03-14,123010,31,spotify:user:,2023-03-24T04:00:00Z,"future funk,toronto indie,alternative hip hop,hip hop,boom bap,detroit hip hop",0.63,0.901,7,-1.551,0,0.387,0.705,0,0.192,0.713,80.351,4
2avmI53DtuX5r32jnx3rxt,"1Z8ODXyhEBi3WynYw0Rya6,2SW5YLY1eOQryID9wt4uHM","Ego Trippin' (Part Two)","Buhloone Mindstate","De La Soul,Shortie No Mass",1993-09-21,232263,47,spotify:user:,2023-03-24T04:00:00Z,"alternative hip hop,east coast hip hop,gangster rap,golden age hip hop,hardcore hip hop,hip hop,jazz rap,rap",0.749,0.582,10,-8.033,0,0.314,0.123,0.00000139,0.046,0.68,97.453,4
33ZXjLCpiINn8eQIDYEPTD,"6O2zJ0tId7g07yzHtX0yap","Shook Ones, Pt. II","The Infamous","Mobb Deep",1995-04-25,325506,75,spotify:user:,2023-03-24T04:00:00Z,"east coast hip hop,gangster rap,hardcore hip hop,hip hop,queens hip hop,rap",0.763,0.786,10,-6.472,0,0.229,0.0146,0.0114,0.0817,0.504,93.857,4
213LtzTmFAm3LsyVnNyLGQ,"4LLpKhyESsyAXpc4laK94U","The Scoop On Heaven","I Love Life, Thank You","Mac Miller",2022-07-22,163033,59,spotify:user:,2023-03-24T04:00:00Z,"hip hop,pittsburgh rap,rap",0.637,0.918,1,-3.662,1,0.266,0.0468,0,0.115,0.808,94.097,4
5fybLNY2eBRnEGg8SUW6yk,"2GHclqNVjqGuiE5mA7BEoc","The Light","Go! Common Classics","Common",2010-05-11,243586,52,spotify:user:,2023-03-24T04:00:00Z,"alternative hip hop,chicago rap,conscious hip hop,gangster rap,hip hop,neo soul,political hip hop,rap",0.934,0.649,7,-6.465,1,0.266,0.114,0.00000171,0.0807,0.685,97.026,4
0Z2J91b2iTGLVTZC4fKgxf,"1ZwdS5xdxEREPySFridCfh,2jp3Fk52x0HbymU0lNYbSC","Hit 'Em Up - Single Version","Greatest Hits","2Pac,Outlawz",1998-01-01,312626,80,spotify:user:,2023-03-24T04:00:00Z,"g funk,gangster rap,hip hop,rap,west coast rap",0.916,0.844,7,-3.967,1,0.236,0.0394,0,0.0778,0.586,95.19,4
2CPturRUlpvirYr7VpkXCV,"20qISvAhX20dpIbOOzGK3q","It Ain't Hard to Tell","Illmatic","Nas",1994-04-19,202106,65,spotify:user:,2023-03-24T04:00:00Z,"conscious hip hop,east coast hip hop,gangster rap,hardcore hip hop,hip hop,queens hip hop,rap",0.69,0.729,11,-5.819,0,0.221,0.000017,0.0431,0.152,0.357,91.376,4
0pJO1tc1GpnxFyQp6Zp82r,"6eXZu6O7nAUA5z6vLV8NKI","Gorilla","NO THANK YOU","Little Simz",2022-12-12,245819,63,spotify:user:,2023-03-24T04:00:00Z,"alternative r&b,escape room,trap queen",0.716,0.813,5,-5.748,1,0.256,0.269,0,0.104,0.682,90.418,4
2E4INiVkDRBXXkFL4kB1Vk,"5SXuuuRpukkTvsLuUknva1","highway 95","The Melodic Blue (Deluxe)","Baby Keem",2022-10-28,91782,70,spotify:user:,2023-03-24T04:00:00Z,"hip hop,rap",0.77,0.836,7,-5.322,1,0.065,0.0548,0,0.143,0.425,84.944,4
5gAzHHzDAnuq9Ubf49OOZL,"3vDUJHQtqT3jFRZ2ECXDTi,4VmEWwd8y9MCLwexFMdpwt","101 Razors (feat. Method Man)","101 Razors (feat. Method Man)","Lloyd Banks,Method Man",2023-03-24,187500,0,spotify:user:,2023-03-24T04:00:00Z,"gangster rap,hardcore hip hop,hip hop,pop rap,queens hip hop,rap,trap,east coast hip hop",0.606,0.546,4,-15.324,0,0.391,0.75,0.0000205,0.0603,0.428,80.05,4
3VL3aSOA8O3b5iOVBkD9iD,"6OmxkansdRyVTvo6BpZzKF","where's the confetti?","the color grey.","jev.",2022-12-20,200933,65,spotify:user:,2023-03-24T04:00:00Z,"",0.574,0.874,5,-4.922,0,0.174,0.0283,0,0.11,0.819,92.153,4
1VqxnlT7AzIRcOmhA4hHv3,"4xvUHg4mIFbXo2caP0PO73,5P2rwRBgIN450RaJxdjYdA,6Ku2nSbcjRann6nTPimcFS,5SmAWn41BCLohm4pMsGDVP","Hate Runs Deep - 2017 Version","Hate Runs Deep (2017 Version)","Saukrates,Kardinal Offishall,Choclair,Marvel",2017-07-21,363588,19,spotify:user:,2023-03-24T04:00:00Z,"canadian old school hip hop,pop rap,toronto rap",0.707,0.686,6,-9.482,1,0.352,0.101,0,0.0618,0.705,92.877,4
4UprL40OVADveANAtCNrIa,"7hJcb9fa4alzcOq3EaNPoG,0z4gvV4rjIZ9wHck67ucSV","Boss' Life","Tha Blue Carpet Treatment","Snoop Dogg,Akon",2006-01-01,202680,55,spotify:user:,2023-03-24T04:00:00Z,"g funk,gangster rap,hip hop,pop rap,rap,west coast rap,dance pop",0.683,0.848,0,-4.498,1,0.306,0.111,0,0.378,0.59,90.575,4
6jawC4HnwfnVzb7vCbN8Mt,"1EH4lsraLQb7WNDW5h4sKi","Fly","Fly","Mindflip",2021-02-26,160085,40,spotify:user:,2023-03-24T04:00:00Z,"",0.811,0.561,6,-4.828,1,0.254,0.144,0,0.124,0.82,90.384,4
7xOgA5HHJwdw56EqWRKBJ5,"5WybyjV2fRyRQcJrmmiifF,5r8QIG7EYHw09UZJm7rsZB","Suppression","Suppression","Fly Anakin,Foisey",2023-03-15,101392,33,spotify:user:,2023-03-24T04:00:00Z,"alternative hip hop,boom bap,underground hip hop,virginia hip hop",0.595,0.801,10,-8.781,0,0.124,0.774,0.0143,0.528,0.767,87.981,3
4tnbcPfOSZq5VAU67XxIdN,"09hVIj6vWgoCDtT03h8ZCa","We Can Get Down","Midnight Marauders","A Tribe Called Quest",1993-11-09,259120,48,spotify:user:,2023-03-24T04:00:00Z,"alternative hip hop,conscious hip hop,east coast hip hop,gangster rap,golden age hip hop,hardcore hip hop,hip hop,jazz rap,queens hip hop,rap",0.78,0.626,7,-9.99,1,0.199,0.0574,0.0122,0.501,0.667,93.945,4
3bOvAqhaZNSWpGVIvHEx8B,"5me0Irg2ANcsgc93uaYrpb","Everyday Struggle - 2005 Remaster","Ready to Die (The Remaster)","The Notorious B.I.G.",1994-09-13,319320,58,spotify:user:,2023-03-24T04:00:00Z,"east coast hip hop,gangster rap,hardcore hip hop,hip hop,rap",0.913,0.712,1,-6.455,0,0.265,0.0643,0.00176,0.117,0.449,96.145,4
6OkDb9fyi22Pr6QJIrUNdJ,"2pAWfrd7WFF3XhVt9GooDL,6wwBv5Rq6Ev2USsDsIZO1o","Rhymes Like Dimes","Operation: Doomsday (Complete)","MF DOOM,DJ Cucumber Slice",1999-10-19,258613,67,spotify:user:,2023-03-24T04:00:00Z,"alternative hip hop,east coast hip hop,hip hop",0.646,0.752,0,-5.652,1,0.268,0.664,0,0.17,0.761,99.948,4
5lQXkClM3axFsWL2NkqIW6,"0IVcLMMbm05VIjnzPkGCyp","The $","Ruff Draft","J Dilla",2007-03-20,163920,41,spotify:user:,2023-03-24T04:00:00Z,"alternative hip hop,detroit hip hop,hip hop",0.756,0.744,6,-8.539,0,0.449,0.224,0,0.187,0.931,99.864,4
1H3iFlT3jKjcD92ut8LnHT,"3DELNHPLdJgXkDHOTt3ok8,7hJcb9fa4alzcOq3EaNPoG,3Mcii5XWf6E0lrY3Uky4cA,3crnzLy8R4lVwaigKEOz7V,4sb7rZNN93BSS6Gqgepo4v","Have A Nice Day","SNOOP CUBE 40 $HORT","MOUNT WESTMORE,Snoop Dogg,Ice Cube,E-40,Too $hort",2022-12-09,303385,53,spotify:user:,2023-03-24T04:00:00Z,"gangster rap,hip hop,g funk,pop rap,rap,west coast rap,conscious hip hop,cali rap,hyphy,oakland hip hop,southern hip hop,trap,golden age hip hop",0.623,0.73,8,-5.447,1,0.252,0.0149,0,0.405,0.377,82.948,4
2PDuJhsbXd88akE6VejIFK,"32cT1WQRSDg4xsReG7eqyT,37ASGd4rWpHjuVonnYAN6S,3I6neO2jiyMa8arh6JBe7e","Outside","Outside","38 Spesh,Harry Fraud,Flee Lord",2023-03-24,111325,0,spotify:user:,2023-03-24T04:00:00Z,"boom bap,upstate ny rap,underground hip hop",0.514,0.84,9,-7.673,0,0.447,0.498,0,0.375,0.714,80.215,4
5qVxrO25PRocTo6DlYI5Kf,"4o5J4GkzULwVnupOfcmRPI","NAME YOUR PRICE","NAME YOUR PRICE","RUNXGUN",2023-03-08,201038,27,spotify:user:,2023-03-24T04:00:00Z,"",0.506,0.719,2,-5.412,1,0.33,0.0121,0,0.331,0.341,79.97,4
3l6D0NUQn6Ttyz5ePSPk5w,"3BYzEWh3pY0DZpMN0hFufv,5OrGPqB2BSIc3I6ar90qIL","BANG","BANG","Chaz French,Butch Dawson",2022-07-29,195349,38,spotify:user:,2023-03-24T04:00:00Z,"dmv rap,baltimore indie",0.84,0.565,10,-6.473,0,0.163,0.0475,0.00536,0.109,0.637,147.988,4
1ZRlTZT0h0e6kw2sp5avIT,"0uFc6StTmJBvdHPZFDkdJy","23 Freestyle","23 Freestyle","Casey Veggies",2023-01-21,130819,36,spotify:user:,2023-03-24T04:00:00Z,"underground hip hop",0.699,0.567,10,-7.601,0,0.378,0.217,0,0.0679,0.609,99.62,4
1a9x6fk6pUMxr28vZR3nU3,"4xZTKft62AsF0SC3rAuYwJ","Never Freestyle","Never Freestyle","Coast Contra",2022-06-20,266996,55,spotify:user:,2023-03-24T04:00:00Z,"",0.592,0.674,10,-6.51,0,0.286,0.0255,0,0.0854,0.377,103.428,4
0eEXcw3JLVXcRxYrVYMy68,"09hVIj6vWgoCDtT03h8ZCa","Electric Relaxation","The Anthology","A Tribe Called Quest",1999-10-26,226133,67,spotify:user:,2023-03-24T04:00:00Z,"alternative hip hop,conscious hip hop,east coast hip hop,gangster rap,golden age hip hop,hardcore hip hop,hip hop,jazz rap,queens hip hop,rap",0.866,0.534,11,-9.201,1,0.229,0.184,0.266,0.0929,0.841,98.243,4
0B8drtTSp68pZdkmVrG9ZA,"2Xu7q46Hf02xOoEIm4E1Qs,3ScY9CQxNLQei8Umvpx5g6","Twinz (feat. Fat Joe)","Capital Punishment (Explicit Version)","Big Pun,Fat Joe",1998-04-28,228173,66,spotify:user:,2023-03-24T04:00:00Z,"bronx hip hop,east coast hip hop,gangster rap,hardcore hip hop,hip hop,hip pop,rap,southern hip hop,dance pop,pop rap,trap",0.633,0.764,0,-7.212,1,0.323,0.32,0.0000034,0.234,0.522,94.971,4
2vcdlFDuB7tjdYTCf0u6AL,"0Y4inQK6OespitzD6ijMwb","Dark Hearted","Dark Hearted","Freddie Gibbs",2022-09-23,205851,51,spotify:user:,2023-03-24T04:00:00Z,"alternative hip hop,hip hop,indiana hip hop,rap,southern hip hop,underground hip hop",0.74,0.632,3,-6.153,0,0.164,0.586,0,0.114,0.844,96.005,4
4UwNbkudqFYnsIQqNsr51H,"4xvUHg4mIFbXo2caP0PO73,15lOM8PWY9pXQoURZwSZlK,5DKuVtlpDH0agZQUFDy8O7","Father Time (2018 Version)","Father Time (2018 Version)","Saukrates,Shad,Pharoahe Monch",2018-03-16,283109,19,spotify:user:,2023-03-24T04:00:00Z,"canadian old school hip hop,alternative hip hop,canadian hip hop,conscious hip hop,east coast hip hop,hardcore hip hop,hip hop,queens hip hop",0.824,0.621,11,-6.193,0,0.277,0.32,0,0.109,0.742,90.331,4
2jpd11oy0FGFebu6BpKSse,"1P8IfcNKwrkQP5xJWuhaOC,4VmEWwd8y9MCLwexFMdpwt,7xTKLpo7UCzXSnlH7fOIoM,1HwM5zlC5qNWhJtM00yXzG,2Pu35Fye4uT4MwwDz7M3lr","4,3,2,1","Phenomenon","LL COOL J,Method Man,Redman,DMX,Cannibus",1997-01-01,256626,49,spotify:user:,2023-03-24T04:00:00Z,"east coast hip hop,golden age hip hop,hardcore hip hop,hip hop,hip pop,old school hip hop,pop rap,queens hip hop,rap,southern hip hop,urban contemporary,gangster rap,new jersey rap,wu fam",0.68,0.764,6,-6.574,1,0.523,0.087,0,0.0978,0.789,99.309,4
0QMHVTnrFTQJoaqmkdsKhT,"55Pp4Ns5VfTSFsBraW7MQy","I Wish - Radio Edit","I Wish","Skee-Lo",1995-08-08,252306,66,spotify:user:,2023-03-24T04:00:00Z,"hip hop,rap,west coast rap",0.715,0.738,7,-10.139,1,0.157,0.00826,0,0.26,0.573,97.877,4
2FjvG9IQg242g2LEornfjy,"34ABXKUj0gzq7R8vXjCaNj,1GeODmmQycY9UqF4MLO94I,0eEM0WZQ0ow2FNrym7ngTe,5me0Irg2ANcsgc93uaYrpb,1ZwdS5xdxEREPySFridCfh","Biggie/Tupac Live Freestyle (Funkmaster Flex & Big Kap Feat. DJ Mister Cee, Notorious B.I.G & Tupac)","The Tunnel","Funk Flex,Big Kap,DJ Mister Cee,The Notorious B.I.G.,2Pac",1999-01-01,108973,57,spotify:user:,2023-03-24T04:00:00Z,"bronx hip hop,east coast hip hop,hardcore hip hop,hip hop,gangster rap,rap,g funk,west coast rap",0.57,0.941,4,-2.853,1,0.423,0.737,0.00274,0.112,0.814,188.625,4
6L7vf5MEgmwnfkSnNdI84y,"5qRbfEf4Ooo19aRXKQzvUV","Kill Switch","Ways of Knowing","Navy Blue",2023-03-23,201164,3,spotify:user:,2023-03-24T04:00:00Z,"alternative hip hop,boom bap,jazz rap,underground hip hop",0.382,0.452,0,-10.741,1,0.312,0.459,0.0304,0.43,0.34,169.261,3
5jcbcNw3MnXSEhYqXM3pcC,"0ABk515kENDyATUdpCKVfW,13ubrt8QOOCPljQ2FL1Kca,35fcckhFq2cF2u7hIG0fPv","Shootouts In Soho (feat. A$AP Rocky & Stove God Cooks)","10","Westside Gunn,A$AP Rocky,Stove God Cooks",2022-10-28,209864,56,spotify:user:,2023-03-24T04:00:00Z,"alternative hip hop,boom bap,buffalo hip hop,hip hop,rap,underground hip hop,upstate ny rap,east coast hip hop,trap",0.61,0.687,9,-7.24,0,0.262,0.659,0.00000114,0.174,0.441,82.489,4
7aK5rlTVxSgcqShPMI1TTH,"0ONHkAv9pCAFxb0zJwDNTy,2YZyLoL8N0Wb9xBt1NhZWg","Nosetalgia","My Name Is My Name","Pusha T,Kendrick Lamar",2013-10-31,216066,61,spotify:user:,2023-03-24T04:00:00Z,"alternative hip hop,gangster rap,hip hop,pop rap,rap,southern hip hop,trap,underground hip hop,virginia hip hop,conscious hip hop,west coast rap",0.529,0.78,5,-3.932,1,0.326,0.0255,0,0.14,0.711,80.018,4
1eLU27PPFxBhbp1CBjPh9J,"13ubrt8QOOCPljQ2FL1Kca,2YZyLoL8N0Wb9xBt1NhZWg,2P5sC9cVZDToPxyomzF1UH,68DWke2VjdDmA75aJX5C57,7aA592KWirLsnfb5ulGWvU,7BMccF0hQFBpP6417k1OtQ,0CKa42Jqrc9fSFbDjePaXP","1Train (feat. Kendrick Lamar, Joey Bada$$, Yelawolf, Danny Brown, Action Bronson & Big K.R.I.T.)","LONG.LIVE.A$AP (Deluxe Version)","A$AP Rocky,Kendrick Lamar,Joey Bada$$,Yelawolf,Danny Brown,Action Bronson,Big K.R.I.T.",2013,372173,63,spotify:user:,2023-03-24T04:00:00Z,"east coast hip hop,hip hop,rap,trap,conscious hip hop,west coast rap,underground hip hop,alabama rap,pop rap,southern hip hop,alternative hip hop,detroit hip hop,escape room,nyc rap,queens hip hop,dirty south rap,gangster rap,houston rap,mississippi hip hop",0.489,0.878,2,-3.36,1,0.368,0.351,0,0.698,0.775,81.497,4
0W2mz7mvaBaEsC4rmoRNPn,"10Khz9BDdDT2mzm3330Cvu","Slam","Bacdafucup","Onyx",1993-03-30,218333,60,spotify:user:,2023-03-24T04:00:00Z,"east coast hip hop,gangster rap,hardcore hip hop,hip hop,queens hip hop,rap",0.876,0.71,11,-12.908,1,0.347,0.0654,0.00312,0.918,0.724,98.305,4
71vuS1nprefkBeCK344TEL,"6X8WdFjrNhXATMDSs26aCc","Airborne Aquaruim","Pilot Talk: Trilogy","Curren$y",2017-06-09,171266,52,spotify:user:,2023-03-24T04:00:00Z,"alternative hip hop,dirty south rap,gangster rap,hip hop,new orleans rap,pop rap,rap,southern hip hop,underground hip hop",0.609,0.942,5,-5.363,0,0.365,0.0116,0,0.22,0.368,121.433,5
2GzUm7Ps1WbaiMiSY7CY0S,"6fxyWrfmjcbj5d12gXeiNV","X-Wing - Cold Blooded Soul Version","Melt My Eyez See Your Future (The Extended Edition)","Denzel Curry",2022-09-30,186280,51,spotify:user:,2023-03-24T04:00:00Z,"dark trap,drill,hip hop,miami hip hop,rap,underground hip hop",0.686,0.678,2,-5.048,0,0.213,0.155,0,0.188,0.591,128.467,4
4xxcd6cnmFfj67AmnaF6tc,"2P5sC9cVZDToPxyomzF1UH","Where I Belong","2000","Joey Bada$$",2022-07-22,188386,52,spotify:user:,2023-03-24T04:00:00Z,"conscious hip hop,hip hop,rap,underground hip hop",0.48,0.902,1,-4.618,1,0.411,0.254,0,0.357,0.701,148.869,4
4EXNCf6q28bG84yxygHsch,"3Is1kGaN2jmS0hB1Hn6dp4","Colombian Coke","Colombian Coke","ShaqIsDope",2022-12-16,165016,35,spotify:user:,2023-03-24T04:00:00Z,"canadian hip hop,deep underground hip hop,toronto rap,underground hip hop",0.453,0.764,10,-6.1,0,0.314,0.256,0,0.318,0.313,75.01,3
4rQrECrwG9KPZT9LBMX1bi,"6NL31G53xThQXkFs7lDpL5,6l3HvQ5sa6mXTsMTB19rO5","Sojourner (feat. J. Cole)","9th Wonder Presents: Jamla Is The Squad II","Rapsody,J. Cole",2018-11-09,343173,44,spotify:user:,2023-03-24T04:00:00Z,"alternative hip hop,alternative r&b,escape room,hip hop,north carolina hip hop,trap queen,underground hip hop,conscious hip hop,rap",0.769,0.62,1,-9.252,1,0.3,0.00439,0,0.287,0.484,81.15,4
2HbKqm4o0w5wEeEFXm2sD4,"2YZyLoL8N0Wb9xBt1NhZWg,28ExwzUQsvgJooOI0X1mr3","Money Trees","good kid, m.A.A.d city","Kendrick Lamar,Jay Rock",2012,386906,80,spotify:user:,2023-03-24T04:00:00Z,"conscious hip hop,hip hop,rap,west coast rap,gangster rap,pop rap,southern hip hop,trap,underground hip hop",0.716,0.531,7,-7.355,1,0.122,0.0703,0,0.224,0.344,71.994,4
2HoDr1yVksl19omOhc1zWy,"2UBt0GWBuPVXlPisRvWzlD","Hip-Hop","Let's Get Free","Dead Prez",2000-02-08,214066,60,spotify:user:,2023-03-24T04:00:00Z,"alternative hip hop,conscious hip hop,east coast hip hop,hardcore hip hop,hip hop,political hip hop",0.725,0.737,4,-7.453,1,0.324,0.000633,0.00417,0.109,0.219,77.162,4
0YQ1b1ySD9cDPnqpDVB7SQ,"4VarNqx7kH5tBCBQwtixav","Be Honest'","MP3 Player","Skip Waiters",2022-11-18,130192,29,spotify:user:,2023-03-24T04:00:00Z,"",0.722,0.722,11,-6.711,0,0.122,0.45,0.0000505,0.4,0.582,86.306,5
4G3dZN9o3o2X4VKwt4CLts,"7yk35uHNQclPXFGFoTU44w","Passin' Me By","Bizarre Ride II The Pharcyde","The Pharcyde",1992-11-24,303493,69,spotify:user:,2023-03-24T04:00:00Z,"alternative hip hop,hardcore hip hop,hip hop,jazz rap,rap,west coast rap",0.759,0.756,4,-8.145,0,0.266,0.0903,0.00000236,0.265,0.613,87.059,4
7t67S1XHT4jU0GCkruG34R,"3q7HBObVc0L8jNeTe5Gofh","Hustler's Ambition","Get Rich Or Die Tryin'- The Original Motion Picture Soundtrack","50 Cent",2005-01-01,237613,60,spotify:user:,2023-03-24T04:00:00Z,"east coast hip hop,gangster rap,hip hop,pop rap,queens hip hop,rap",0.604,0.737,7,-6.174,1,0.292,0.277,0,0.305,0.683,88.243,4
7v0NXl6RTU9XMhHrUp0gQJ,"7dQsyUecbPiqTSDbVWJDaU","E-Z on the Motion","E-Z on the Motion / Hard Copy","Ghetto Concept",1995-11-28,238980,40,spotify:user:,2023-03-24T04:00:00Z,"canadian old school hip hop,deep east coast hip hop",0.863,0.375,10,-11.878,0,0.433,0.0627,0,0.0998,0.42,93.027,4
59CcNXlzpVkpsyPKgnvSBe,"56CAZLbzUvyYZir1iwtfhQ,6Hrq57am01Bxyp89bUWqFF","The Drunk Tank","The Drunk Tank","Dj Moya,Daniel Son",2023-02-07,128942,30,spotify:user:,2023-03-24T04:00:00Z,"greek underground rap,boom bap,canadian underground hip hop,underground hip hop",0.727,0.772,2,-8.244,1,0.329,0.59,0.00000124,0.111,0.595,99.901,4
0wOityxxfmk1QTDJgbD4mX,"0FcsrqYA3XkZ7KLv7KEJBM,5gMDgGFCBNGZZeS6VhfQtc","WR-4R (Will Rap 4 Rent)","WR-4R (Will Rap 4 Rent)","Emmitt James,GOZÉ",2022-11-04,189470,32,spotify:user:,2023-03-24T04:00:00Z,"",0.739,0.769,2,-9.417,1,0.0815,0.00123,0.0592,0.329,0.741,100.992,4
5TWvTuYcGrChBEhw6xHjld,"4N1QWOhjZPVHrDEjSGdzuI","Cassette","What Once Was Will Never Be","DL Incognito",2022-12-02,202488,31,spotify:user:,2023-03-24T04:00:00Z,"underground rap",0.703,0.547,1,-9.192,1,0.285,0.0636,0,0.19,0.868,101.341,4
3GXSywNvYLAVUCtjMHkKDh,"0eVyjRhzZKke2KFYTcDkeu,3A5tHz1SfngyOZM2gItYKu","E. Coli (feat. Earl Sweatshirt)","Bread","The Alchemist,Earl Sweatshirt",2018-11-30,132147,71,spotify:user:,2023-03-24T04:00:00Z,"alternative hip hop,hip hop,rap,west coast rap,experimental hip hop,underground hip hop",0.322,0.555,11,-8.726,0,0.129,0.208,0.00437,0.325,0.397,96.019,3
3iEwa9W9ls7vLbZbe7vgSr,"332mFY6yBda91AsIOSKirG","When The Moving Stops","When The Moving Stops","Planet Giza",2021-01-22,208670,44,spotify:user:,2023-03-24T04:00:00Z,"alternative r&b,indie hip hop,indie r&b,montreal indie,viral rap",0.744,0.677,1,-5.877,1,0.266,0.0133,0.0000174,0.0816,0.287,92.014,4
687XycCZVWFqDMG62uBjDE,"6n5aqrtqKxRHEdap5f4vgQ,6pgLZsB8Z4kotoAiX8yW3T,3dUYZBl2y8BsN6PSH9x8Kv","Change","Change","Meeco,DJ Access,JD Era",2022-12-16,180440,30,spotify:user:,2023-03-24T04:00:00Z,"underground boom bap,soul flow",0.433,0.907,4,-4.955,0,0.332,0.0821,0,0.399,0.447,175.069,4
5Y4pk9pNGNrOWsgEp5AUV5,"7oMI2F5UkZ6zozGE7jxRRI","SSII.","SSII.","Thelonious",2022-09-23,276062,29,spotify:user:,2023-03-24T04:00:00Z,"",0.429,0.551,5,-7.211,0,0.188,0.383,0,0.167,0.558,86.208,4
20DcrlNK0NcRknbX4wcEO4,"4oLZx5FplbgfM8DEe9U8LB","Luchini AKA This Is It","Uptown Saturday Night","Camp Lo",1997-01-28,240093,56,spotify:user:,2023-03-24T04:00:00Z,"alternative hip hop,bronx hip hop,east coast hip hop,hardcore hip hop,hip hop,jazz rap,southern hip hop",0.721,0.949,6,-5.685,1,0.278,0.0495,0,0.327,0.835,83.028,4
7DKJP7ksSaJn4YyBkcBDii,"1anyVhU62p31KFi8MEzkbf,2P5sC9cVZDToPxyomzF1UH","The Highs & The Lows","The Highs & The Lows","Chance the Rapper,Joey Bada$$",2022-06-17,255609,59,spotify:user:,2023-03-24T04:00:00Z,"chicago rap,conscious hip hop,hip hop,pop rap,rap,underground hip hop",0.539,0.714,5,-4.543,1,0.455,0.288,0,0.174,0.458,81.709,4
14246VCxRDGZHqlMlqWSz4,"20qISvAhX20dpIbOOzGK3q,13ubrt8QOOCPljQ2FL1Kca,6GEykX11lQqp92UVOQQCC7","Wave Gods","Magic","Nas,A$AP Rocky,DJ Premier",2021-12-24,190261,58,spotify:user:,2023-03-24T04:00:00Z,"conscious hip hop,east coast hip hop,gangster rap,hardcore hip hop,hip hop,queens hip hop,rap,trap,alternative hip hop,jazz boom bap,turntablism",0.601,0.938,1,-4.382,1,0.282,0.0225,0,0.0508,0.762,87.129,4
06kBwptOYkGn1xL5XvtsRT,"0g9vAlRPK9Gt3FKCekk4TW,3qBKjEOanahMxlRojwCzhI","Do Better","Do Better","Ab-Soul,Zacari",2022-10-21,231818,52,spotify:user:,2023-03-24T04:00:00Z,"alternative hip hop,conscious hip hop,escape room,hip hop,rap,southern hip hop,underground hip hop",0.72,0.823,6,-6.209,1,0.0565,0.294,0.00531,0.1,0.648,88.014,4
63khjxx6Jcz8YGhWFWrL2P,"6Ku2nSbcjRann6nTPimcFS","Just a Second","Just a Second","Choclair",1996-12-03,266000,30,spotify:user:,2023-03-24T04:00:00Z,"canadian old school hip hop,toronto rap",0.636,0.642,11,-11.124,0,0.335,0.25,0,0.0986,0.619,94.331,4
7Duz1lXRfECWROhjHQ5dWk,"1EpyA68dKpjf7jXmQL88Hy","Song 32","Song 32","Noname",2019-04-05,162496,52,spotify:user:,2023-03-24T04:00:00Z,"alternative r&b,chicago rap,escape room,indie r&b,indie soul,neo soul,rap,underground hip hop",0.869,0.48,1,-9.694,1,0.127,0.0361,0.0149,0.064,0.391,91.751,4
2H2l7zo9EqtqxFr8R8N8Zg,"6U3ybJ9UHNKEdsH7ktGBZ7,5MbNzCW3qokGyoo9giHA3V","Can’t Punk Me (feat. EARTHGANG)","The Forever Story (Extended Version)","JID,EARTHGANG",2022-10-31,203377,60,spotify:user:,2023-03-24T04:00:00Z,"hip hop,rap,atl hip hop,indie hip hop,psychedelic hip hop,underground hip hop",0.616,0.581,1,-6.637,1,0.516,0.186,0,0.116,0.676,82.812,4
035oBcRjSOLNXDklFrODdk,"08E0CO6MC1ykoQP5VQt4hL,1ZrzRmbuxvCeFSpEbFpbXZ,4fpwOzxFRMVGfd197dKIdY,3PJqNqnYLkNjPUliUaiZig","Naturally Conspiring","Naturally Conspiring","Badge Époque Ensemble,Lammping,Boldy James,Roshin",2022-10-25,215820,33,spotify:user:,2023-03-24T04:00:00Z,"canadian psychedelic rock,alternative hip hop,boom bap,escape room,hip hop,rap,underground hip hop,canadian underground hip hop",0.497,0.708,5,-8.652,0,0.393,0.411,0.000237,0.324,0.748,71.597,4
6AshXllQhobwSXsdpgp41w,"5Matrg5du62bXwer29cU5T,6l3HvQ5sa6mXTsMTB19rO5","Johnny P's Caddy","Johnny P's Caddy","Benny The Butcher,J. Cole",2022-01-28,225000,63,spotify:user:,2023-03-24T04:00:00Z,"boom bap,buffalo hip hop,hip hop,rap,upstate ny rap,conscious hip hop,north carolina hip hop",0.535,0.819,8,-6.792,1,0.455,0.584,0,0.16,0.581,150.451,4
5AccFIyJNVNwygPIsZd6Wn,"4VmEWwd8y9MCLwexFMdpwt,5pnbUBPifNnlusY8kTBivi,1JqLCp7PYQfZQNoCPHvLAP,12tfOHgQ4SmAtSW21rf6Af","Switch Sides (Feat. Jadakiss, Eddy I, 5Th Pxwer)","Meth Lab Season 3 : The Rehab","Method Man,Jadakiss,Eddy I.,5th PXWER",2022-05-06,175595,43,spotify:user:,2023-03-24T04:00:00Z,"east coast hip hop,gangster rap,hardcore hip hop,hip hop,pop rap,rap,battle rap,hip pop,trap",0.686,0.69,11,-7.152,0,0.377,0.00209,0,0.102,0.724,93.081,4
4Q3jWNJwkqOx7PhbQdakz4,"3TVN22ppuxvrMtVOIGFYYn","Premium Leather","The Empty Seven 2","Sheldon Sabastian",2022-10-15,113861,30,spotify:user:,2023-03-24T04:00:00Z,"canadian trap",0.495,0.627,7,-9.24,1,0.32,0.197,0,0.121,0.553,90.297,4
4TvxDMTOkbK2yt7IfHWqZQ,"7HqrSDuI9lHuH1CDismTFg,6GEykX11lQqp92UVOQQCC7","The Format","The Format (Special Edition)","AZ,DJ Premier",2006-11-07,183440,49,spotify:user:,2023-03-24T04:00:00Z,"alternative hip hop,gangster rap,hardcore hip hop,hip hop,rap,east coast hip hop,jazz boom bap,turntablism",0.609,0.807,9,-4.718,0,0.282,0.158,0.0106,0.0674,0.815,96.076,4
6EW1fwOk4JHmTZKINZsyjB,"55Aa2cqylxrFIXC767Z865,3TVXtAsR1Inumwj472S9r4","B.B. King Freestyle (with Drake)","B.B. King Freestyle","Lil Wayne,Drake",2020-11-30,222801,57,spotify:user:,2023-03-24T04:00:00Z,"hip hop,new orleans rap,pop rap,rap,trap,canadian hip hop,canadian pop,toronto rap",0.664,0.553,11,-8.316,1,0.415,0.455,0,0.181,0.722,87.009,4
7iNGwN4yuxATUtv0qYXJ8Q,"0EeQBlQJFiAfJeVN2vT9s0,3nFkdlSjzX9mRTtwJOzDYB","What It Feels Like","What It Feels Like","Nipsey Hussle,JAY-Z",2021-02-12,275162,47,spotify:user:,2023-03-24T04:00:00Z,"conscious hip hop,gangster rap,hip hop,pop rap,rap,southern hip hop,trap,east coast hip hop",0.46,0.733,1,-4.579,0,0.13,0.032,0.00000165,0.109,0.0792,89.669,4
3HSWza0Gz15Ungnd4m4lMo,"6vXTefBL93Dj5IqAWq6OTv,4LLpKhyESsyAXpc4laK94U,6X8WdFjrNhXATMDSs26aCc","Triple Double","Mac & Cheese 3","French Montana,Mac Miller,Curren$y",2012-11-20,227840,38,spotify:user:,2023-03-24T04:00:00Z,"gangster rap,hip hop,pop rap,rap,southern hip hop,trap,pittsburgh rap,alternative hip hop,dirty south rap,new orleans rap,underground hip hop",0.491,0.854,10,-3.892,0,0.351,0.402,0,0.396,0.567,81.324,4
5twFAWoVedKgYZrswt1JIn,"1iNqsUDUraNWrj00bqssQG,5MbNzCW3qokGyoo9giHA3V","Everybody Ain’t Shit (with EARTHGANG)","D-Day: A Gangsta Grillz Mixtape","Dreamville,EARTHGANG",2022-03-31,203419,45,spotify:user:,2023-03-24T04:00:00Z,"hip hop,rap,atl hip hop,indie hip hop,psychedelic hip hop,underground hip hop",0.686,0.598,1,-6.983,1,0.391,0.00618,0,0.14,0.318,199.864,4
1ytLhTM7p87C4eWPRWqAC9,"5gZQxOh12bhrAS9ioHB2qc","Sriracha","Sriracha","Naturally Born Strangers",2020-12-31,208608,30,spotify:user:,2023-03-24T04:00:00Z,"",0.659,0.808,8,-7.132,0,0.241,0.29,0,0.347,0.507,131.93,4
