﻿Spotify ID,Artist IDs,Track Name,Album Name,Artist Name(s),Release Date,Duration (ms),Popularity,Added By,Added At,Genres,Danceability,Energy,Key,Loudness,Mode,Speechiness,Acousticness,Instrumentalness,Liveness,Valence,Tempo,Time Signature
526fD9LiAEi3KKvhhYfWmm,"3ycxRkcZ67ALN3GQJ57Vig","What You Wanna Try","Masego","Masego",2023-03-03,159242,64,spotify:user:,2023-03-24T04:01:00Z,"",0.878,0.577,2,-5.925,1,0.0541,0.0656,0,0.0867,0.498,99.031,4
5BhK8Mho223YLPQOLfzWNP,"5FxD8fkQZ6KcsSYupDVoSO","Killing Me","Ivory","Omar Apollo",2022-04-08,165320,64,spotify:user:,2023-03-24T04:01:00Z,"bedroom pop,bedroom soul,pop",0.861,0.27,6,-9.515,0,0.0616,0.301,0.00288,0.124,0.608,84.004,4
2G5zNimfDzfcAtbHtEKzTu,"23zg3TcAtWQy7J6upgbUnj","GLU","GLU","Usher",2023-03-17,262711,63,spotify:user:,2023-03-24T04:01:00Z,"atl hip hop,contemporary r&b,dance pop,pop,r&b,south carolina hip hop,urban contemporary",0.758,0.552,7,-6.205,0,0.0346,0.0452,0.0000026,0.0613,0.489,98.976,3
4knVIbR3KouTZI1R26W3yy,"3UVRliakQfa1pMWIsNuiZ8,6q3p11nP1p80Ey6LrOOSed","white rice déjà vu","Victims & Villains","Musiq Soulchild,Hit-Boy",2023-03-10,230136,57,spotify:user:,2023-03-24T04:01:00Z,"contemporary r&b,hip pop,neo soul,r&b,urban contemporary,cali rap",0.554,0.754,1,-7.088,1,0.0797,0.402,0.00000171,0.108,0.728,146.076,4
37usDo7KCpJJHrDnzHG8xU,"5RRfTrwXUGYiBB0DMV4hyh,5YZ5AExR68U3ZblH6HcO6B","Naked - Feat. Leven Kali","Naked (Feat. Leven Kali)","Adi Oasis,Leven Kali",2023-03-01,184385,53,spotify:user:,2023-03-24T04:01:00Z,"alternative r&b,indie r&b,indie soul,chill r&b,r&b",0.638,0.779,5,-5.445,0,0.0602,0.51,0.00000202,0.334,0.971,81.99,4
2i2gDpKKWjvnRTOZRhaPh2,"1U1el3k54VvEUzo3ybLPlM","Moonlight","Moonlight","Kali Uchis",2023-02-24,187557,79,spotify:user:,2023-03-24T04:01:00Z,"colombian pop,pop",0.639,0.723,7,-6.462,0,0.0532,0.511,0,0.167,0.878,136.872,4
7eQpbVg3tjHmtdOlAHxaTr,"6vWDO969PvNqNYHIOW5v0m","CUFF IT - WETTER REMIX","CUFF IT","Beyoncé",2023-02-08,249406,73,spotify:user:,2023-03-24T04:01:00Z,"dance pop,pop,r&b",0.66,0.688,7,-6.34,1,0.0564,0.434,0,0.489,0.65,118.05,4
0pJO1tc1GpnxFyQp6Zp82r,"6eXZu6O7nAUA5z6vLV8NKI","Gorilla","NO THANK YOU","Little Simz",2022-12-12,245819,63,spotify:user:,2023-03-24T04:01:00Z,"alternative r&b,escape room,trap queen",0.716,0.813,5,-5.748,1,0.256,0.269,0,0.104,0.682,90.418,4
4kpj4Of5zjcHwCWnuI7Y1O,"0K2IuCIyPu4SJCZdcgdt8X","Night After Night","Night After Night","Dana McCoy",2021-08-06,193773,37,spotify:user:,2023-03-24T04:01:00Z,"",0.697,0.653,4,-5.117,0,0.0473,0.0909,0,0.0881,0.625,91.977,4
4exwQETG1yC3KPp8t57C9q,"3X9xtTCJtryAoqsSMKCzXu","Come and Get It - A COLORS SHOW","Come and Get It - A COLORS SHOW","NNAVY",2023-03-20,145800,31,spotify:user:,2023-03-24T04:01:00Z,"",0.86,0.647,10,-7.624,0,0.22,0.159,0.0000433,0.133,0.634,99.946,4
5wlZ4PZGrRR2feOTA862m2,"2LuHL7im4aCEmfOlD4rxBC","Pick Your Tears Up","Pick Your Tears Up","Grace Carter",2023-02-22,168513,50,spotify:user:,2023-03-24T04:01:00Z,"uk contemporary r&b,uk pop",0.505,0.528,10,-7.422,0,0.093,0.546,0,0.195,0.316,80.567,4
7BNvivBdgxjl80EugbEHFA,"5XJa2DE4NkXH5m4aHzM0i9,2kAP2prnGAq7s3DwRT6s16,0TkqXdyWLsssJH7okthMPQ","Enough","Enough","Rory,reggie,Jay Electronica",2023-03-17,166156,49,spotify:user:,2023-03-24T04:01:00Z,"indie hip hop,indie r&b,alternative hip hop,conscious hip hop,hip hop,psychedelic hip hop,rap,southern hip hop,underground hip hop",0.84,0.664,1,-6.779,0,0.0537,0.0746,0.000397,0.136,0.901,87.016,4
1xCWIOU851n2VKbVeu6Tn3,"1dmBfZXCP98HFGOl5zgOWe,5obWvG0ikceXOD0a45DSHO","Born 2 Fly","Born 2 Fly","Johnny Burgos,Jonny Tobin",2023-03-17,217706,20,spotify:user:,2023-03-24T04:01:00Z,"",0.668,0.666,4,-6.191,0,0.0503,0.00157,0.00291,0.0931,0.507,133.993,4
0vbmYCIWENdYyJ36Q4CdSz,"1ybINI1qPiFbwDXamRtwxD,6l3HvQ5sa6mXTsMTB19rO5","90 Proof (with J. Cole)","90 Proof (with J. Cole)","Smino,J. Cole",2022-09-30,208269,61,spotify:user:,2023-03-24T04:01:00Z,"hip hop,rap,underground hip hop,viral rap,conscious hip hop,north carolina hip hop",0.773,0.623,7,-6.53,1,0.0983,0.24,0.0000356,0.148,0.528,147.826,4
2qEyhtx20tSCSubM3JXhxu,"3jk39CGeaaSO3FPKNx1RUx,5Vuvs6Py2JRU7WiFDVsI7J","CYBAH (feat. Lucky Daye)","CYBAH (feat. Lucky Daye)","Syd,Lucky Daye",2022-03-18,244138,44,spotify:user:,2023-03-24T04:01:00Z,"alternative r&b,chill r&b,indie r&b,indie soul,lgbtq+ hip hop,r&b,pop",0.722,0.467,5,-7.519,0,0.077,0.0537,0.000557,0.122,0.68,74.968,4
1IjeGPU5hqHlJpm00zObN7,"63XBtGSEZINSyXylZxEUbv","Coastin’","Coastin’","Victoria Monét",2021-08-05,175319,61,spotify:user:,2023-03-24T04:01:00Z,"alternative r&b,chill r&b,indie r&b,pop,post-teen pop,r&b,rap",0.807,0.481,8,-7.362,0,0.0713,0.0264,0.00000128,0.112,0.748,91.005,4
2U7TvjwZAjyGsePJbisUmv,"7dYb5EKtRnRaWM0GQ12cKC,4tk2WUKBOS9nKZj7bPQIXT","Fever - Acoustic","Sweet Waters","June Freedom,Naïka",2023-03-08,226153,42,spotify:user:,2023-03-24T04:01:00Z,"kizomba",0.597,0.0274,10,-19.491,0,0.085,0.985,0.00016,0.363,0.174,128.242,5
1BqxPLnY6cZiD10u9aPFGz,"6jlWj6y00bMQt8XoKuCjyZ","Medal","Medal","Emily King",2023-02-28,196664,23,spotify:user:,2023-03-24T04:01:00Z,"alternative r&b,funk,indie soul,neo soul,nyc pop,pop soul,r&b",0.808,0.587,2,-8.57,1,0.0846,0.126,0.106,0.295,0.633,102.026,4
3ZQpXYZZFRQyRgopMptRje,"1iNqsUDUraNWrj00bqssQG,1vaQ6v3pOFxAIrFoPrAcom","Greater (with Ari Lennox)","Creed III: The Soundtrack","Dreamville,Ari Lennox",2023-03-03,193285,53,spotify:user:,2023-03-24T04:01:00Z,"hip hop,rap,alternative r&b,dmv rap,neo soul,pop,r&b",0.431,0.663,1,-6.632,1,0.0737,0.0219,0.001,0.12,0.328,118.034,4
0D9OkPTPIn9QkDucglW4DS,"3Qh89pgJeZq6d8uM1bTot3","Doo Wop (That Thing) - Spotify Singles","Spotify Singles","Tobe Nwigwe",2023-01-30,295761,46,spotify:user:,2023-03-24T04:01:00Z,"christian hip hop,houston rap",0.564,0.322,8,-11.213,1,0.0987,0.743,0,0.0962,0.596,91.632,4
2LABRdDstu1xkm1A48PqX7,"4E2rKHVDssGJm2SCDOMMJB","Stressed - A COLORS SHOW","Stressed - A COLORS SHOW","Doechii",2022-10-10,186818,53,spotify:user:,2023-03-24T04:01:00Z,"alternative r&b,escape room,pop,rap,viral rap",0.695,0.733,2,-7.282,1,0.117,0.035,0.0000313,0.0714,0.429,115.024,4
6fcFACL3GGEynUlyvmbqRt,"2XSaBoykurbHLXS5WwDewv,7owWHiQB5FQHFiBYXxbphY","If The Love Goes - A COLORS SHOW","If The Love Goes - A COLORS SHOW","Jamilah Barry,P2J",2022-12-05,223963,48,spotify:user:,2023-03-24T04:01:00Z,"alternative r&b,chill r&b,high vibe,indie r&b,uk contemporary r&b",0.694,0.592,4,-12.229,0,0.135,0.117,0.000238,0.325,0.448,105.88,4
3DxkonlRas1WjpWUuNmf7Z,"4yJHrytMK7mqtKsXVGaBNg","float","flora + fana (deluxe)","Fana Hues",2022-11-18,217055,49,spotify:user:,2023-03-24T04:01:00Z,"alternative r&b,chill r&b,indie r&b,indie soul",0.487,0.471,9,-4.654,0,0.0639,0.262,0.00278,0.131,0.509,91.737,4
6owRPnezJsGhlbKfbRAfqi,"7FNnF6wVawmhhqUbwLGeo2","The Dream","Love Money","Ciara Leah",2023-01-02,270826,28,spotify:user:,2023-03-24T04:01:00Z,"",0.491,0.541,5,-6.477,0,0.0577,0.479,0,0.0737,0.491,81.877,4
1RaO7Jv7R2CmhKR9Ne7YBo,"2clS9uX2uOrHHqkyDMkzA1","Get Away","Get Away","Amaria",2023-02-03,183050,57,spotify:user:,2023-03-24T04:01:00Z,"alternative r&b,chill r&b,indie r&b,indie soul",0.765,0.32,9,-7.957,0,0.0519,0.513,0.685,0.135,0.633,118.004,4
43h2GMMKxuNSwFF4MUpiiY,"55icKM7WkjXWnyfvCTlqbk","Away","Love Is My Condition / Away","Tasha Angela",2022-11-04,160993,30,spotify:user:,2023-03-24T04:01:00Z,"",0.576,0.596,0,-6.073,1,0.0501,0.48,0.0000218,0.216,0.494,171.995,4
6jGAh1bFnXt1Muj9zeHveZ,"0du5cEVh5yTK9QJze8zA0C,3jK9MiCrA42lLAdMGUZpwa,6PvvGcCY2XtUcSRld1Wilr,4frXpPxQQZwbCu3eTGnZEw,5K0rbdBrs2tNXe5LeWMATT","After Last Night (with Thundercat & Bootsy Collins)","An Evening With Silk Sonic","Bruno Mars,Anderson .Paak,Silk Sonic,Thundercat,Bootsy Collins",2021-11-12,249444,73,spotify:user:,2023-03-24T04:01:00Z,"dance pop,pop,escape room,neo soul,afrofuturism,funk,p funk,soul",0.651,0.703,0,-8.958,0,0.0816,0.0297,0,0.0608,0.647,140.051,4
67OrF48gkNByr9HpRtSOSD,"16AILHA3N2C3ngRuR2FdfH","TMF","TMF","Saint Harison",2023-03-15,211283,50,spotify:user:,2023-03-24T04:01:00Z,"",0.775,0.417,6,-3.987,0,0.0955,0.271,0.00011,0.0781,0.72,138.058,3
5863KoQ2dlUnkEJI6LgQie,"0JeTRYMH7FoBiMcLXg1n8g,5o6oaYrumOkkzsOmwZXJv6","Beh Beh","Beh Beh","Full Crate,MALIA",2022-12-01,198400,48,spotify:user:,2023-03-24T04:01:00Z,"alternative r&b,armenian hip hop,chill r&b,dutch r&b,indie r&b,indie soul,uk contemporary r&b",0.694,0.344,5,-14.777,0,0.168,0.311,0.342,0.117,0.607,150.071,4
6ufcuVInt0ocHrUimDjGlb,"6vWDO969PvNqNYHIOW5v0m","PLASTIC OFF THE SOFA","RENAISSANCE","Beyoncé",2022-07-29,254319,70,spotify:user:,2023-03-24T04:01:00Z,"dance pop,pop,r&b",0.618,0.712,1,-8.246,1,0.114,0.14,0.00000453,0.575,0.305,97.057,4
4c16iHPk6g5XQavzEfDpld,"5RTLRtXjbXI2lSXc6jxlAz,57vWImR43h4CaDao012Ofp","Skin Tight (Alternate) [feat. Steve Lacy]","Skin Tight (Alternate) [feat. Steve Lacy]","Ravyn Lenae,Steve Lacy",2022-10-11,238965,50,spotify:user:,2023-03-24T04:01:00Z,"alternative r&b,chill r&b,escape room,indie r&b,indie soul,neo soul,r&b,viral rap,afrofuturism",0.198,0.33,3,-10.672,0,0.0346,0.891,0.000355,0.138,0.352,173.116,1
2FmADxrIphJZSrHzwYkUcR,"0NB5HROxc8dDBXpkIi1v3d","Pink + White - Live at Electric Lady","Live at Electric Lady","Remi Wolf",2022-08-04,233406,59,spotify:user:,2023-03-24T04:01:00Z,"indie pop,indie r&b,modern alternative pop,pop",0.498,0.468,9,-6.17,1,0.0502,0.133,0,0.103,0.55,148.266,3
4xIuopNtFgjT4NfX3TryYH,"5YZ5AExR68U3ZblH6HcO6B","TEARS OF JOY","LET IT RAIN EP","Leven Kali",2022-10-28,203064,48,spotify:user:,2023-03-24T04:01:00Z,"alternative r&b,chill r&b,indie r&b,indie soul,r&b",0.639,0.573,11,-6.368,0,0.0399,0.193,0.000145,0.139,0.671,81.98,4
3MlQPB0wJuopo3NTZGlMpI,"6PEMFpe3PTOksdV4ZXUpbE,3jK9MiCrA42lLAdMGUZpwa,3Y7RZ31TRPVadSFVy1o8os,17Zu03OgBVxgLxWmRUyNOJ","Where I Go (feat. H.E.R.)","Where I Go (feat. H.E.R.)","NxWorries,Anderson .Paak,H.E.R.,Knxwledge",2022-10-19,201026,67,spotify:user:,2023-03-24T04:01:00Z,"alternative r&b,hip hop,indie soul,neo soul,underground hip hop,escape room,pop,r&b,abstract beats,alternative hip hop,wonky",0.62,0.396,1,-15.498,0,0.206,0.735,0.000985,0.0976,0.774,87.865,4
11Q12uGLdf1ZmbcCbevWAY,"3MM3uKNdJbvefUael12dl3","ALL ALONG","Play With The Changes","Rochelle Jordan",2021-04-30,203425,21,spotify:user:,2023-03-24T04:01:00Z,"alternative r&b,escape room,indie r&b",0.724,0.755,1,-5.936,1,0.08,0.114,0.000692,0.089,0.589,115.029,4
6dzICV2gDRl8SjPeqLnOQv,"0WjtdWS6su0f3jrW9aqEHl","Weep, No More","Weep, No More","Berhana",2023-02-10,141933,44,spotify:user:,2023-03-24T04:01:00Z,"alternative r&b,chill r&b,indie r&b,indie soul",0.747,0.65,11,-8.188,0,0.107,0.37,0.00000199,0.35,0.868,90.01,4
6yTluyANsev3jTuPEvoqhX,"7JCiEoZpn0yghisiVNvl4X,5QyX10ilaZ3KVrILuioTLe","Everything's So Crazy","Everything's So Crazy","Reel People,Jill Rock Jones",2023-03-10,192488,24,spotify:user:,2023-03-24T04:01:00Z,"broken beat,deep house,japanese jazztronica,smooth soul,soulful house,vocal house",0.731,0.688,1,-8.421,0,0.147,0.15,0.0139,0.186,0.58,86.035,4
5ZVhOPIz5xEb52pRnZBitG,"7H3z77VbkJcCcFilmKqKNM","Dos Uvas","Dos Uvas","Pale Jay",2021-09-03,209280,44,spotify:user:,2023-03-24T04:01:00Z,"",0.482,0.698,7,-6.191,0,0.0313,0.0534,0.866,0.134,0.321,76.495,4
1Ol7rmDYnjXadnWaEvY9em,"5RRfTrwXUGYiBB0DMV4hyh,5lcDGoJUr5WY5bCFAfYbCU","Adonis - feat. KIRBY","Adonis","Adi Oasis,KIRBY",2022-11-16,219146,50,spotify:user:,2023-03-24T04:01:00Z,"alternative r&b,indie r&b,indie soul,chill r&b,indie triste",0.491,0.725,6,-4.915,0,0.11,0.0491,0.0000191,0.176,0.761,168.144,4
197dKSfHn5wKcyIIAsx5iP,"0fTav4sBLmYOAzKuJw0grL","To Be","Comfortable Enough","Mac Ayres",2023-03-17,140035,45,spotify:user:,2023-03-24T04:01:00Z,"chill r&b,indie r&b,pop,r&b",0.59,0.663,10,-5.78,0,0.28,0.193,0.00000432,0.284,0.597,90.152,4
6FDNS9i86Il7ZeGBf7H2Aa,"3DGlTwdM5Dim9XQipb3jMf","FAMJAM4000","FORWARD","Jordan Ward",2023-03-03,158133,49,spotify:user:,2023-03-24T04:01:00Z,"alternative r&b,indie hip hop,indie r&b",0.864,0.561,11,-7.401,0,0.0631,0.455,0.426,0.155,0.709,116.576,4
7L4C8Mur28u7dJbP1wYiow,"746nA9NSKsqBDRk343UtkE","Mind Games.","Mind Games.","chromonicci",2023-02-23,152500,33,spotify:user:,2023-03-24T04:01:00Z,"chillhop,future bass",0.583,0.431,10,-5.956,1,0.335,0.393,0,0.217,0.849,98.992,4
3MT8ekypV5xYBLstqFpDkV,"4c2ighP1wj8E5dVGJDCOiB,0CKa42Jqrc9fSFbDjePaXP","TURNIN' HEADS","TURNIN' HEADS","Kari Faux,Big K.R.I.T.",2023-03-22,176982,32,spotify:user:,2023-03-24T04:01:00Z,"alternative r&b,arkansas hip hop,escape room,indie r&b,indie soul,multidisciplinary,trap queen,viral rap,alternative hip hop,conscious hip hop,dirty south rap,gangster rap,hip hop,houston rap,mississippi hip hop,pop rap,rap,southern hip hop,trap,underground hip hop",0.782,0.54,1,-8.891,1,0.143,0.385,0,0.172,0.842,142.613,4
6fvNQAjbTdqEBjCoCx7v2U,"41mwTkqJfMxPMbQmEdN2S2","Look What You've Done","Look What You've Done","Dayo Bello",2023-02-14,312727,36,spotify:user:,2023-03-24T04:01:00Z,"british soul",0.697,0.387,0,-10.024,1,0.0361,0.725,0.735,0.0937,0.398,132.057,4
74cfwBYBzG8QOvxcBZBeKE,"6tDysK3IF96GLkAcaSzXfC","Life","Life","Reggie Becton",2023-03-10,175999,46,spotify:user:,2023-03-24T04:01:00Z,"alternative r&b,chill r&b,indie r&b,trap soul",0.648,0.692,4,-6.306,0,0.106,0.799,0.000138,0.367,0.699,159.939,4
6folHlbbLuRgOtNj6fS5OS,"5sKvgmG84C0bIMWeS2SRPr,0P54cVemq1DCHUfUMlWAoN,2B50tPmaH4o50MqFC7j98Z","Nobody's Fool","Nobody's Fool","Brasstracks,TOBi,FATHERDUDE",2023-03-16,196534,43,spotify:user:,2023-03-24T04:01:00Z,"indie soul,nyc pop,canadian contemporary r&b,canadian hip hop,indie hip hop,indie r&b,underground hip hop",0.632,0.496,9,-8.195,0,0.239,0.617,0.00531,0.173,0.614,76.294,4
1QxTmNDHFmgaxgAolqqgAD,"1IMENE2OCzsrXuu62aW1mD","22","22","JayO",2023-02-22,142120,77,spotify:user:,2023-03-24T04:01:00Z,"",0.534,0.821,5,-7.463,1,0.107,0.693,0.0000102,0.078,0.509,111.032,5
4hv0hmUjhAqvAPGCHP4EaE,"6W9RUw7xnNRYtgh8dimg7L,53QzNeFpzAaXYnrDBbDrIp,6vWDO969PvNqNYHIOW5v0m","Make Me Say It Again, Girl","Make Me Say It Again, Girl","Ronald Isley,The Isley Brothers,Beyoncé",2022-08-12,314424,48,spotify:user:,2023-03-24T04:01:00Z,"contemporary r&b,funk,neo soul,quiet storm,r&b,urban contemporary,classic soul,disco,motown,soul,dance pop,pop",0.36,0.551,6,-7.994,0,0.0417,0.561,0.00012,0.117,0.337,138.33,4
0pVckZjOpApe5Onh5qwo6S,"4TsHKU8l8Wq7n7OPVikirn,5K0rbdBrs2tNXe5LeWMATT","Safe","Safe","Jidenna,Bootsy Collins",2023-03-17,213607,40,spotify:user:,2023-03-24T04:01:00Z,"ghanaian hip hop,funk,p funk,soul",0.662,0.728,1,-5.372,0,0.0642,0.0454,0.000444,0.662,0.771,129.977,4
5dNQ0AsPitoIQSRbsXKKwE,"5cM1PvItlR21WUyBnsdMcn,4LLpKhyESsyAXpc4laK94U","Therapy pt. 2 [Feat. Mac Miller]","Therapy pt. 2 [Feat. Mac Miller]","Robert Glasper,Mac Miller",2022-10-10,202225,54,spotify:user:,2023-03-24T04:01:00Z,"alternative r&b,contemporary jazz,indie jazz,indie soul,modern jazz piano,neo soul,hip hop,pittsburgh rap,rap",0.603,0.885,10,-5.67,0,0.432,0.0875,0,0.169,0.735,164.103,4
5SusLOd5pOU6akwkkODXf5,"60nDKjd690Luygtd3Fm0Cu","Envy","Monologues","Ogi",2022-05-05,247133,49,spotify:user:,2023-03-24T04:01:00Z,"alternative r&b,indie r&b",0.392,0.55,5,-7.396,0,0.0937,0.633,0.0000519,0.113,0.578,87.501,4
6osru1Fx1n50mRD8QWI9m1,"22vqVhfPJab5kkU9txDGX3","TODAY","TODAY","Q",2022-11-04,241666,59,spotify:user:,2023-03-24T04:01:00Z,"indie r&b",0.494,0.406,0,-8.472,0,0.0559,0.848,0.00000563,0.0765,0.0853,159.957,4
6m7hNhdEn55c93YynOfWas,"6qgnBH6iDM91ipVXv28OMu,3jK9MiCrA42lLAdMGUZpwa","Twin Flame","Twin Flame","KAYTRANADA,Anderson .Paak",2022-08-01,232122,42,spotify:user:,2023-03-24T04:01:00Z,"escape room,lgbtq+ hip hop",0.61,0.709,7,-7.143,1,0.241,0.00707,0.0000161,0.273,0.33,100.489,4
1de4FXWMEcCQq5F5yGkXdZ,"6TvjXbopXg71XRM9OZWqUc","Gold","Hello Poison","Arin Ray",2022-06-03,166256,54,spotify:user:,2023-03-24T04:01:00Z,"alternative r&b,chill r&b,indie r&b,pop r&b,r&b,trap soul",0.649,0.804,4,-4.219,0,0.0605,0.01,0.00000511,0.0823,0.602,77.454,4
0JvAFT6V106SHfkyVwhf4J,"2rp9zfs7yPrwCGVl4CjWAl","Sweet Sensation","Sweet Sensation","Otis Kane",2021-03-23,163509,31,spotify:user:,2023-03-24T04:01:00Z,"indie r&b,indie soul",0.664,0.535,7,-7.348,1,0.05,0.465,0.00000157,0.27,0.361,85.154,4
6E6BLeqT0pttSDS4OqP7e0,"7KgcPkeaO1Rpa4MFl2sLOm","The Farmer","The Farmer","Kubla",2023-03-10,197988,27,spotify:user:,2023-03-24T04:01:00Z,"",0.684,0.631,11,-6.495,0,0.0599,0.163,0.0037,0.18,0.614,91.083,4
04nzvWWsX2TDl0mjpBVeWd,"3ycxRkcZ67ALN3GQJ57Vig","You Never Visit Me - Single Version","You Never Visit Me","Masego",2022-12-12,230906,58,spotify:user:,2023-03-24T04:01:00Z,"",0.755,0.526,0,-6.213,1,0.284,0.615,0.0000135,0.0872,0.536,80.221,4
5XMtZsNkezcv695DQSZo0L,"2YqJwmohaNjg9lg51flSax,16rCzZOMQX7P8Kmn5YKexI","Awake","Hope For Sale","Chiiild,Mahalia",2021-07-23,226733,52,spotify:user:,2023-03-24T04:01:00Z,"indie r&b,alternative r&b,chill r&b,indie anthem-folk,neo soul,pop,r&b,uk contemporary r&b",0.519,0.58,0,-7.439,0,0.0439,0.33,0.0575,0.113,0.692,83.978,4
0WPiAaK6iE3XoBtLxpsII6,"3OW3qK7Wl9ESAGLvjVOw2h,1DjFYTQJksL0kkw9VABxdU","If I Had A Diary","If I Had A Diary","Koralle,KeepVibesNear",2023-03-02,187000,30,spotify:user:,2023-03-24T04:01:00Z,"italian jazz fusion,jazz boom bap,lo-fi jazzhop",0.547,0.466,1,-11.047,0,0.325,0.285,0.415,0.124,0.387,88.391,4
72U5bK1MjcKZWyayuaBdDy,"5hGVJeSkWYpZgvXaDhbnE8","Story Of A Scar","Story Of A Scar","Clerel",2023-01-27,306468,30,spotify:user:,2023-03-24T04:01:00Z,"",0.715,0.439,1,-9.838,1,0.0416,0.415,0.00174,0.418,0.575,91.974,4
382EXWyvPSm3w8XTFQc10R,"45RZn1pAEvQYqkRnvFaIJx","Open","No Longer in the Suburbs","Dylan Sinclair",2022-05-11,174163,44,spotify:user:,2023-03-24T04:01:00Z,"alternative r&b,canadian contemporary r&b,chill r&b,indie r&b",0.814,0.595,1,-5.535,0,0.332,0.612,0.0000339,0.153,0.544,123.95,4
3ixoDRreLMvvTeYdUFenSS,"5YZ5AExR68U3ZblH6HcO6B","EEK","EEK","Leven Kali",2022-02-18,247468,46,spotify:user:,2023-03-24T04:01:00Z,"alternative r&b,chill r&b,indie r&b,indie soul,r&b",0.724,0.572,1,-6.148,1,0.0468,0.0894,0.000368,0.115,0.674,144.041,4
14adSLAL6WgvwH5snRF3gs,"0RkeQU983gcehOYs7632vR,73sIBHcqh3Z3NyqHKZ7FOL,5lcDGoJUr5WY5bCFAfYbCU","Sticky (feat. Childish Gambino & KIRBY)","Swarm","Ni'jah,Childish Gambino,KIRBY",2023-03-17,171706,63,spotify:user:,2023-03-24T04:01:00Z,"atl hip hop,hip hop,pop,rap,alternative r&b,chill r&b,indie r&b,indie soul,indie triste",0.714,0.746,4,-6.561,0,0.158,0.735,0.000784,0.372,0.649,74.285,4
7G07BhMd2IrDD23C0MHsww,"0IbD9X6mgxyaIKT3aqzioT,0P54cVemq1DCHUfUMlWAoN","Outta This World","Outta This World","Harrison,TOBi",2022-03-10,165544,39,spotify:user:,2023-03-24T04:01:00Z,"future funk,toronto indie,canadian contemporary r&b,canadian hip hop,indie hip hop,indie r&b,underground hip hop",0.701,0.503,10,-7.517,1,0.223,0.827,0.00013,0.109,0.367,97.034,4
37z4KRlnEhRforTs0t23Pa,"76QHVIjgqlkWB9LNGliman,3UHGHiVMz1L0XqFi3oXHvH","Colourblind","Current Blues","Joe Hertz,Collard",2020-07-17,266120,48,spotify:user:,2023-03-24T04:01:00Z,"alternative r&b,chill r&b,indie r&b,indie soul,new french touch,uk contemporary r&b,vapor soul",0.914,0.511,11,-10.538,0,0.188,0.0804,0.00321,0.172,0.442,114.98,4
2dldFaASbSWz8uzz9KY2al,"3DGlTwdM5Dim9XQipb3jMf","CHERIMOYA","CHERIMOYA","Jordan Ward",2023-02-10,129080,56,spotify:user:,2023-03-24T04:01:00Z,"alternative r&b,indie hip hop,indie r&b",0.509,0.334,1,-13.583,0,0.0751,0.88,0.0029,0.157,0.353,85.076,4
42XjSu5mDdsCS5QKf4GKev,"062tCT8GVioC9EMiI9jeOV,5K0rbdBrs2tNXe5LeWMATT","Honeysuckle Neckbone","Honeysuckle Neckbone","BLK ODYSSY,Bootsy Collins",2023-03-15,200560,50,spotify:user:,2023-03-24T04:01:00Z,"alternative r&b,indie r&b,indie soul,funk,p funk,soul",0.811,0.685,7,-6.097,0,0.241,0.136,0.559,0.368,0.785,77.962,4
6P1X3qgDqlkjf8XmJS9Xiw,"6tpaMMCs8X6o8j9H5OmWmT","exodus the north star","exodus the north star","Yaya Bey",2023-02-07,205354,46,spotify:user:,2023-03-24T04:01:00Z,"alternative r&b,escape room,experimental r&b,indie r&b,indie soul",0.6,0.323,0,-10.311,0,0.107,0.335,0,0.0902,0.237,75.858,4
0P2tSwbjoQIzAg101A23Db,"26GHRG8x1F4AzbCKzUaIbw","Moving On","Sober EP","Aquilo",2020-07-08,194744,41,spotify:user:,2023-03-24T04:01:00Z,"indie folk,vapor soul",0.792,0.731,0,-8.151,1,0.027,0.171,0.00119,0.153,0.822,112.976,4
5WjTrSEmsfIC1WDwIquuwT,"0xSfdfhcXN6T8M5gt7VwK0","raw","soft thing","LOONY",2021-06-24,186432,59,spotify:user:,2023-03-24T04:01:00Z,"alternative r&b,canadian contemporary r&b,chill r&b,indie r&b",0.817,0.4,6,-6.516,0,0.165,0.334,0.0000337,0.0934,0.438,81.058,4
2Akf7c4ZjddtzAd3lj6bI8,"6QCstr3yhEVSZPQyDvvYjK","Where Were You","Ties","FELIVAND",2022-08-05,205911,46,spotify:user:,2023-03-24T04:01:00Z,"australian alternative pop,australian r&b,indie r&b",0.614,0.543,5,-7.347,1,0.036,0.479,0,0.0932,0.558,89.009,4
3s0gco9dCNjVm1B0Pr0Gau,"2datC2OML2YxykP6vnDRmg","From A Lover","Voice Notes","Yazmin Lacey",2023-03-03,175173,47,spotify:user:,2023-03-24T04:01:00Z,"alternative r&b,indie jazz,indie r&b,indie soul,jazz pop,neo soul,soul,uk contemporary jazz",0.633,0.831,10,-7.145,0,0.0705,0.0595,0.664,0.148,0.717,133.167,4
7tqs4OKzl896INyq5af4Qu,"14uVJsPC4DByeuD0cq36ez,2inX1svE5swPuIBIJdrFyo,3kh6Ltl9keXAm5NcLvdSjI,1PUEwFv131uL8pigp6fNlG","Treat U Good","Treat U Good","Moods,Noah Slee,Lyriya,MERON",2022-08-26,217791,42,spotify:user:,2023-03-24T04:01:00Z,"chillhop,indie soul,new french touch,vapor twitch",0.66,0.679,10,-7.609,0,0.197,0.0762,0.00112,0.139,0.597,93.042,3
5nR6MBAFCdusf8C3BZGtop,"062tCT8GVioC9EMiI9jeOV,5CxuyyJLIDYZq0nXOOTslo","HANG LOW (feat. James Robinson)","BLK VINTAGE","BLK ODYSSY,James Robinson",2021-08-27,152524,60,spotify:user:,2023-03-24T04:01:00Z,"alternative r&b,indie r&b,indie soul",0.443,0.662,9,-6.544,0,0.502,0.277,0.0246,0.102,0.372,169.994,4
2iq4Pc3NhTJU466gppAKCX,"5rvubrGTRPAX7N3RZZ9wS0","Problems","Problems","St. Panther",2021-09-17,154768,49,spotify:user:,2023-03-24T04:01:00Z,"indie r&b",0.812,0.539,11,-7.24,0,0.125,0.235,0.749,0.11,0.195,99.929,4
3xfz3yzwXhSQCSvJXoM7fY,"4C9Tvlt8v7d8R6h98FgdUy,73sIBHcqh3Z3NyqHKZ7FOL","I Love You More Than You Know (feat. Childish Gambino)","Hummingbird","bLAck pARty,Childish Gambino",2022-08-05,263360,51,spotify:user:,2023-03-24T04:01:00Z,"alternative r&b,indie r&b,indie soul,viral rap,atl hip hop,hip hop,pop,rap",0.625,0.592,11,-8.034,0,0.0363,0.0971,0.073,0.119,0.217,88.04,4
6rRCyEuP7uDdX7ste026ky,"6aiFCgyKNwF9Rv5TOxnE8E","Breathe","Simple.","IDK",2022-05-06,186742,45,spotify:user:,2023-03-24T04:01:00Z,"dmv rap,hip hop,rap,trap,underground hip hop,viral rap",0.706,0.688,6,-6.838,0,0.0698,0.00988,0.0407,0.0839,0.458,100.016,4
33aO3exOKzz0EtN1Web9oN,"1ikg4sypcURm8Vy5GP68xb,0PALShJ4yMcson9zvQaqlM","High Beams","High Beams","Magic City Hippies,Nafets",2021-07-23,210853,37,spotify:user:,2023-03-24T04:01:00Z,"indie r&b,indie soul,miami indie,modern rock,vapor soul",0.796,0.731,1,-6.644,1,0.0741,0.284,0.0632,0.136,0.892,107.014,4
41h9PjfBH6mVDPMkLc6zsg,"5Vuvs6Py2JRU7WiFDVsI7J,2YqJwmohaNjg9lg51flSax","Compassion (feat. Chiiild)","Candydrip","Lucky Daye,Chiiild",2022-03-10,262466,44,spotify:user:,2023-03-24T04:01:00Z,"alternative r&b,indie r&b,pop,r&b",0.683,0.549,4,-9.101,0,0.0287,0.401,0.00882,0.199,0.449,108.023,4
6OquGsVTLqZHyxqG0PLwFz,"4UpA1KitN1RgIZVyWDbZ0U,3jK9MiCrA42lLAdMGUZpwa,1YfEcTuGvBQ8xSD1f53UnK,7hJcb9fa4alzcOq3EaNPoG","PiLOT (feat. Snoop Dogg, Busta Rhymes, Anderson .Paak)","NOT TiGHT","DOMi & JD BECK,Anderson .Paak,Busta Rhymes,Snoop Dogg",2022-07-29,202451,55,spotify:user:,2023-03-24T04:01:00Z,"escape room,east coast hip hop,hardcore hip hop,hip hop,hip pop,pop rap,rap,g funk,gangster rap,west coast rap",0.542,0.485,5,-13.131,0,0.439,0.792,0.00198,0.102,0.698,174.836,3
3onuWjUbFaNSdAMD5Z2UOQ,"7MNEVabc4cs19CbzAFZmXz,6TvjXbopXg71XRM9OZWqUc,1ybINI1qPiFbwDXamRtwxD","This Morning (feat. Arin Ray & Smino)","DRONES","Terrace Martin,Arin Ray,Smino",2021-11-05,223991,44,spotify:user:,2023-03-24T04:01:00Z,"alternative r&b,indie r&b,indie soul,neo soul,chill r&b,pop r&b,r&b,trap soul,hip hop,rap,underground hip hop,viral rap",0.685,0.733,1,-6.184,1,0.143,0.00462,0.0000132,0.293,0.55,157.936,4
0yeDzSWRH7HDeWMcXvgUaA,"6iWuBN32BqCJAeXW6o3nil","Agreeable","Agreeable","Cautious Clay",2020-09-15,134970,36,spotify:user:,2023-03-24T04:01:00Z,"indie r&b,nyc pop,pop",0.678,0.68,0,-5.477,1,0.0324,0.42,0.0401,0.139,0.673,93.021,4
2QdSb68BzZGMgCbsrFmSLc,"687cZJR45JO7jhk1LHIbgq","Higher","For Broken Ears","Tems",2020-09-25,196204,71,spotify:user:,2023-03-24T04:01:00Z,"afro r&b,alte,nigerian pop,r&b",0.609,0.581,2,-10.854,1,0.277,0.509,0,0.283,0.528,102.964,3
6tB8FBxG0bJNt9zm7hIfij,"0IbD9X6mgxyaIKT3aqzioT,6sqZoZxe9BQwk7Zxh6STfF","Float","Float / A View From The Sky","Harrison,Kadhja Bonet",2023-02-08,145434,29,spotify:user:,2023-03-24T04:01:00Z,"future funk,toronto indie,alternative r&b,indie jazz,indie soul,psychedelic soul",0.744,0.557,0,-7.843,0,0.209,0.893,0.00108,0.108,0.639,141.99,4
5YNqZH6TOzS2DkqxLKbwQT,"5vQr71zjhOUi0RPPeQE6bE","My Sunrise","My Sunrise","Ruti",2021-01-22,189333,42,spotify:user:,2023-03-24T04:01:00Z,"",0.506,0.68,2,-5.639,0,0.0406,0.452,0.00000329,0.278,0.631,89.786,4
0hZIaQMGqu41dozEwqVa1b,"3QTDHixorJelOLxoxcjqGx","Satisfaction","Satisfaction","SiR",2022-05-05,130981,60,spotify:user:,2023-03-24T04:01:00Z,"alternative r&b,hip hop,indie r&b,indie soul,la pop,neo soul,r&b,rap",0.685,0.577,7,-4.655,0,0.108,0.66,0.00000269,0.109,0.371,110.326,4
5mlirWXPq6KoroAUgy6Wdq,"1CgbNAF3Stnz1Tpipu3xdO,1O9iHQjrVuiAYOJFCBeFSl","Luvaroq","Circmvnt","Elujay,serpentwithfeet",2022-01-21,220781,52,spotify:user:,2023-03-24T04:01:00Z,"alternative r&b,cali rap,chill r&b,indie hip hop,indie r&b,indie soul,underground hip hop,viral rap,art pop,escape room,experimental r&b",0.68,0.686,1,-6.089,1,0.0285,0.04,0.0975,0.0455,0.79,142.007,4
6vz5CRaat5Vc4561v7eSUr,"17czHqI0Lwj2V3htvm8afG","The Distance","The Distance","Gavin Turek",2017-01-20,255266,38,spotify:user:,2023-03-24T04:01:00Z,"pop soul",0.741,0.538,11,-5.224,1,0.102,0.261,0.0000288,0.0601,0.707,77.484,4
5qXwFOkT3lrEonTzsYCeZ1,"3GQboECxDT1xqPPWC30p7v,65dGLGjkw3UbddUg2GKQoZ","I Can Only Whisper (feat. BADBADNOTGOOD)","ALPHA","Charlotte Day Wilson,BADBADNOTGOOD",2021-07-09,164693,55,spotify:user:,2023-03-24T04:01:00Z,"alternative r&b,canadian contemporary r&b,indie r&b,indie soul,alternative hip hop,canadian modern jazz,escape room",0.611,0.446,2,-9.297,1,0.0355,0.192,0.0363,0.281,0.465,84.938,4
7Kuo76MyWTcnRlw0wbvAAQ,"6tpaMMCs8X6o8j9H5OmWmT","on the pisces moon","on the pisces moon","Yaya Bey",2023-03-09,166021,52,spotify:user:,2023-03-24T04:01:00Z,"alternative r&b,escape room,experimental r&b,indie r&b,indie soul",0.68,0.594,9,-8.412,1,0.0712,0.0321,0.00011,0.19,0.308,74.919,4
6oYDza5APcRR4c8w1WEAml,"7JFinw4LobpCUjapyKvsjo,0htlZDCG9I8LSENteF1TyQ,5GbsEElDfxIjlM3rknGexS","Sweet Distraction","Sweet Distraction","Sam Wills,Kofi Stone,Jake Milliner",2022-11-25,171608,58,spotify:user:,2023-03-24T04:01:00Z,"chill r&b,indie r&b,indie soul,uk contemporary r&b,uk alternative hip hop,indie jazz,uk contemporary jazz",0.814,0.33,11,-7.535,0,0.342,0.679,0.000197,0.106,0.685,85.057,4
4omjWR9RUMNQlEWTRHaYk8,"43cM1JWUzdfkZCi7rjkPnz","So Many Ways to Get Downtown","So Many Ways to Get Downtown","Próxima Parada",2023-03-17,282209,43,spotify:user:,2023-03-24T04:01:00Z,"deep new americana",0.529,0.61,10,-7.27,0,0.286,0.0904,0.00000414,0.088,0.541,81.401,4
7lBNPNIewZf6d1DJjRtlj8,"2Kv0ApBohrL213X9avMrEn,2WoVwexZuODvclzULjPQtm,7zJL978NtANOysfGY21ty6","Still","Yesterday Is Heavy","Lil Silva,Sampha,Ghetts",2022-07-15,247000,41,spotify:user:,2023-03-24T04:01:00Z,"future garage,indie soul,uk bass,uk funky,vogue,grime,uk alternative hip hop,uk hip hop",0.8,0.567,10,-11.48,0,0.196,0.374,0.0905,0.115,0.321,95.019,4
67FeJNl0O51jh7HqtryxTt,"2qLU3VUpp3uV2Oyf786FC3","Existe Uma Voz","Existe Uma Voz","Rogê",2022-10-13,225826,44,spotify:user:,2023-03-24T04:01:00Z,"violao",0.777,0.736,4,-6.687,0,0.0797,0.285,0.763,0.074,0.887,90.594,4
4c2HeCpHJ3VzN8RyEoULTW,"5E4159ttrOB57XW0YdLT32","World In My Hands","World In My Hands","LAVI$H",2023-02-24,194401,50,spotify:user:,2023-03-24T04:01:00Z,"canadian trap",0.714,0.372,6,-9.844,1,0.107,0.864,0.000186,0.131,0.293,103.174,4
6clDsO8HwhHEgJDDp88VdL,"0huGjMyP507tBCARyzSkrv,3jK9MiCrA42lLAdMGUZpwa","Two Tens (feat. Anderson .Paak)","Two Tens (feat. Anderson .Paak)","Cordae,Anderson .Paak",2023-01-25,152371,74,spotify:user:,2023-03-24T04:01:00Z,"dmv rap,hip hop,rap,trap,underground hip hop,escape room",0.603,0.546,4,-7.525,0,0.35,0.194,0.00000268,0.0783,0.667,87.99,4
4DvepWnbBJzTb0jZZTqgPG,"7iUF39q93Xixo33E6IvNYm,7ANeFdhioipksT9lqg0Ay6,33ZK4nYxwuvdVW7vmepMYk","GOOD DAY","BY THE WAY","Theo Croker,Ego Ella May,D'LEAU",2023-02-17,244950,47,spotify:user:,2023-03-24T04:01:00Z,"indie jazz,jazz brass,jazz trumpet,alternative r&b,chill r&b,indie r&b,indie soul,neo r&b,uk contemporary r&b",0.726,0.886,5,-6.213,0,0.138,0.531,0.0927,0.084,0.582,82.003,4
0pMs1gXODWwGQ1pK3qKVtz,"3CJEpzlVzfyLTpKJlpKdHw,4nVDBC1sxEE5zS8EgtVplj,1v5GXwd79sYewyWJw7gnCh","Closer","The Silhouettes Project","The Silhouettes Project,Elisa Imperilee,Whoeva?",2020-12-11,201933,58,spotify:user:,2023-03-24T04:01:00Z,"alternative r&b,indie r&b,indie soul,uk alternative hip hop",0.45,0.358,1,-12.836,1,0.0686,0.499,0.000269,0.254,0.213,85.269,4
0ATT8gRJUtLO1Dj59A3dGg,"18XyLuKeMMfkTNKTmc6yOU,6U3ybJ9UHNKEdsH7ktGBZ7","Like Some Dream","Sol","Sirens Of Lesbos,JID",2020-11-06,314684,39,spotify:user:,2023-03-24T04:01:00Z,"tropical house,hip hop,rap",0.62,0.56,3,-12.34,0,0.0831,0.461,0.0767,0.0637,0.337,82.775,4
39QWEcx4aFKyx7mCQYD2Pv,"2egizXtrbzmhjs0SgViG8y","Alone In Kenzo","Alone In Kenzo","Adria Kain",2021-03-31,198511,18,spotify:user:,2023-03-24T04:01:00Z,"",0.76,0.387,7,-7.389,0,0.0277,0.406,0.00341,0.111,0.158,107.998,4
