﻿Spotify ID,Artist IDs,Track Name,Album Name,Artist Name(s),Release Date,Duration (ms),Popularity,Added By,Added At,Genres,Danceability,Energy,Key,Loudness,Mode,Speechiness,Acousticness,Instrumentalness,Liveness,Valence,Tempo,Time Signature
4DHcnVTT87F0zZhRPYmZ3B,"5YGY8feqx7naU7z4HrwZM6","Flowers","Endless Summer Vacation","Miley Cyrus",2023-03-10,200600,85,spotify:user:,2023-03-24T14:24:00Z,"pop",0.707,0.681,0,-4.325,1,0.0668,0.0632,0.00000515,0.0322,0.646,117.999,4
0DWdj2oZMBFSzRsi2Cvfzf,"790FomKkXshlbRYZFtlgla,0EmeFodog0BfCgMzAIvKQp","TQG","MAÑANA SERÁ BONITO","KAROL G,Shakira",2023-02-24,197933,96,spotify:user:,2023-03-24T14:24:00Z,"reggaeton,reggaeton colombiano,urbano latino,colombian pop,dance pop,latin pop",0.72,0.63,4,-3.547,0,0.277,0.673,0,0.0936,0.607,179.974,4
1Qrg8KqiBpW07V7PNxwwwL,"7tYKF4w9nC0nq9CsPZTHyP","Kill Bill","SOS","SZA",2022-12-08,153946,94,spotify:user:,2023-03-24T14:24:00Z,"pop,r&b",0.644,0.735,8,-5.747,1,0.0391,0.0521,0.144,0.161,0.418,88.98,4
6AQbmUe0Qwf5PZnt4HmTXv,"78rUTD7y6Cy67W1RVzYs7t,3LZZPxNDGDFVSIPqf4JuEf","Boy's a liar Pt. 2","Boy's a liar Pt. 2","PinkPantheress,Ice Spice",2023-02-03,131013,96,spotify:user:,2023-03-24T14:24:00Z,"",0.696,0.809,5,-8.254,1,0.05,0.252,0.000128,0.248,0.857,132.962,4
4W4fNrZYkobj539TOWsLO2,"1Xyo4u8uXC1ZmMpatF05PJ,66CXWjxzNUsdJxJ2JdwvnR","Die For You (with Ariana Grande) - Remix","Starboy (Deluxe)","The Weeknd,Ariana Grande",2023-03-14,232857,74,spotify:user:,2023-03-24T14:24:00Z,"canadian contemporary r&b,canadian pop,pop,dance pop",0.575,0.5,1,-7.594,0,0.0707,0.227,0,0.335,0.506,67.033,4
7cQ0LAxT5HHCLGbxcjaxac,"716NhGYqD1jl2wI1Qkgq36,4SsVbpTthjScTS7U2hmr1X","Arcángel: Bzrp Music Sessions, Vol. 54","Arcángel: Bzrp Music Sessions, Vol. 54","Bizarrap,Arcángel",2023-03-22,223019,0,spotify:user:,2023-03-24T14:24:00Z,"argentine hip hop,pop venezolano,trap argentino,trap latino,urbano latino,latin hip hop,reggaeton",0.716,0.78,11,-3.495,0,0.297,0.55,0,0.146,0.786,123.856,4
4Dvkj6JhhA12EX05fT7y2e,"6KImCVD70vtIoJWnq6nGn3","As It Was","Harry's House","Harry Styles",2022-05-20,167303,90,spotify:user:,2023-03-24T14:24:00Z,"pop",0.52,0.731,6,-5.338,0,0.0557,0.342,0.00101,0.311,0.662,173.93,4
4nrPB8O7Y7wsOCJdgXkthe,"716NhGYqD1jl2wI1Qkgq36,0EmeFodog0BfCgMzAIvKQp","Shakira: Bzrp Music Sessions, Vol. 53","Shakira: Bzrp Music Sessions, Vol. 53","Bizarrap,Shakira",2023-01-11,214945,96,spotify:user:,2023-03-24T14:24:00Z,"argentine hip hop,pop venezolano,trap argentino,trap latino,urbano latino,colombian pop,dance pop,latin pop",0.778,0.632,2,-5.6,0,0.0493,0.274,0,0.0915,0.498,122.104,4
2dHHgzDwk4BJdRwy9uXhTO,"0iEtIxbK0KxaSlF7G42ZOp,1Xyo4u8uXC1ZmMpatF05PJ,1URnnhqYAYcrqrcwql10ft","Creepin' (with The Weeknd & 21 Savage)","HEROES & VILLAINS","Metro Boomin,The Weeknd,21 Savage",2022-12-02,221520,95,spotify:user:,2023-03-24T14:24:00Z,"rap,canadian contemporary r&b,canadian pop,pop,atl hip hop",0.715,0.62,1,-6.005,0,0.0484,0.417,0,0.0822,0.172,97.95,4
4FAKtPVycI4DxoOHC01YqD,"0eHQ9o50hj6ZDNBt6Ys1sD,2LRoIwlKmHjgvigdNGBHNo","Yandel 150","Resistencia","Yandel,Feid",2023-01-13,216148,88,spotify:user:,2023-03-24T14:24:00Z,"latin hip hop,reggaeton,urbano latino,colombian pop,pop reggaeton,reggaeton colombiano",0.783,0.729,6,-3.549,0,0.0691,0.0492,0.000272,0.1,0.58,167.968,4
3dnP0JxCgygwQH9Gm7q7nb,"0XeEobZplHxzM9QzFQWLiR,12GqGscKJx3aE4t07u7eVZ","Ella Baila Sola","Ella Baila Sola","Eslabon Armado,Peso Pluma",2023-03-16,165671,85,spotify:user:,2023-03-24T14:24:00Z,"corrido,corridos tumbados,nueva musica mexicana,sad sierreno,sierreno",0.668,0.758,5,-5.176,0,0.0332,0.483,0.0000189,0.0837,0.834,147.989,3
0WtM2NBVQNNJLh6scP13H8,"46pWGuE3dSwY3bMMXGBvVS,0C8ZW7ezQVs4URX5aX7Kqx","Calm Down (with Selena Gomez)","Calm Down (with Selena Gomez)","Rema,Selena Gomez",2022-08-25,239317,94,spotify:user:,2023-03-24T14:24:00Z,"nigerian pop,dance pop,pop,post-teen pop",0.801,0.806,11,-5.206,1,0.0381,0.382,0.000669,0.114,0.802,106.999,4
0V3wPSX9ygBnCm8psDIegu,"06HL4z0CvFAxyc27GXpf02","Anti-Hero","Midnights","Taylor Swift",2022-10-21,200690,93,spotify:user:,2023-03-24T14:24:00Z,"pop",0.637,0.643,4,-6.571,1,0.0519,0.13,0.0000018,0.142,0.533,97.008,4
0NZPBYD5qbEWRs3PrGiRkT,"2wY79sveU1sp5g7SokKOiI,3Xt3RrJMFv5SZkCfUE8C1J","Unholy (feat. Kim Petras)","Gloria","Sam Smith,Kim Petras",2023-01-27,156943,85,spotify:user:,2023-03-24T14:24:00Z,"pop,uk pop,dance pop,electropop,post-teen pop,transpop",0.712,0.463,2,-7.399,1,0.0797,0.011,0.00000296,0.301,0.206,131.199,4
3tt9i3Hhzq84dPS8H7iSiJ,"0tmwSHipWxN12fsoLcFU3B","La Bachata","2000","Manuel Turizo",2023-03-17,162637,70,spotify:user:,2023-03-24T14:24:00Z,"colombian pop,latin pop,reggaeton,reggaeton colombiano,urbano latino",0.835,0.679,7,-5.329,0,0.0364,0.583,0.00000198,0.218,0.85,124.98,4
0PB0O24JqAuNdOAFVJljMS,"5XJDexmWFLWOkjOEjOVX3e,4q3ewBCX7sLwd24euuV69X","Coco Chanel","3MEN2 KBRN","Eladio Carrion,Bad Bunny",2023-03-17,208125,83,spotify:user:,2023-03-24T14:24:00Z,"trap boricua,trap latino,trap triste,urbano latino,reggaeton",0.683,0.764,2,-5.995,1,0.0441,0.0427,0,0.0963,0.137,149.949,4
2LBqCSwhJGcFQeTHMVGwy3,"1Xyo4u8uXC1ZmMpatF05PJ","Die For You","Starboy","The Weeknd",2016-11-24,260253,89,spotify:user:,2023-03-24T14:24:00Z,"canadian contemporary r&b,canadian pop,pop",0.586,0.525,1,-7.163,0,0.0615,0.111,0,0.134,0.508,133.629,4
4uUG5RXrOk84mYEfFvj3cK,"1Cs0zKBU1kc0i8ypK3B9ai,64M6ah0SkkRsnPGtGiRAbb","I'm Good (Blue)","I'm Good (Blue)","David Guetta,Bebe Rexha",2022-08-26,175238,94,spotify:user:,2023-03-24T14:24:00Z,"big room,dance pop,edm,pop,pop dance,post-teen pop",0.561,0.965,7,-3.673,0,0.0343,0.00383,0.00000707,0.371,0.304,128.04,4
4P9Q0GojKVXpRTJCaL3kyy,"06HL4z0CvFAxyc27GXpf02","All Of The Girls You Loved Before","All Of The Girls You Loved Before","Taylor Swift",2019-08-23,221407,84,spotify:user:,2023-03-24T14:24:00Z,"pop",0.718,0.467,2,-9.66,1,0.0398,0.707,0.0000692,0.126,0.396,95.96,3
55ZATsjPlTeSTNJOuW90pW,"07PdYoE4jVRF6Ut40GgVSP,4yEIQ0lJDgUEfsuYx3Gsmr","Shorty Party","Shorty Party","Cartel De Santa,La Kelly",2023-03-04,265000,88,spotify:user:,2023-03-24T14:24:00Z,"latin hip hop,mexican hip hop",0.928,0.468,2,-8.196,1,0.364,0.328,0.00000427,0.0986,0.47,96.006,4
1zsPaEkglFvxjAhrM8yhpr,"1i8SpTcr7yvPOmcqrbnVXY,2LRoIwlKmHjgvigdNGBHNo","Hey Mor","OzuTochi","Ozuna,Feid",2022-10-07,196600,90,spotify:user:,2023-03-24T14:24:00Z,"puerto rican pop,reggaeton,trap latino,urbano latino,colombian pop,pop reggaeton,reggaeton colombiano",0.901,0.589,1,-6.713,0,0.289,0.00302,0.000237,0.0992,0.399,98.002,4
7K3BhSpAxZBznislvUMVtn,"4oUHIQIBe0LHzYfvXNW4QM","Last Night","One Thing At A Time","Morgan Wallen",2023-03-03,163854,84,spotify:user:,2023-03-24T14:24:00Z,"contemporary country",0.492,0.675,6,-5.456,1,0.0389,0.467,0,0.142,0.478,203.759,4
1Y3LN4zO1Edc2EluIoSPJN,"5XKFrudbV4IiuE5WuTPRmT,7o2ZQYM7nTsaVdkXY38UAA","Until I Found You (with Em Beihold) - Em Beihold Version","Until I Found You (Em Beihold Version)","Stephen Sanchez,Em Beihold",2022-04-22,176440,92,spotify:user:,2023-03-24T14:24:00Z,"gen z singer-songwriter,pop,alt z",0.551,0.55,10,-5.339,1,0.0286,0.777,0,0.202,0.342,101.19,3
2mpoNBkngUEwnaKoBhZ0vl,"12GqGscKJx3aE4t07u7eVZ,0elWFr7TW8piilVRYJUe4P","PRC","PRC","Peso Pluma,Natanael Cano",2023-01-23,184066,91,spotify:user:,2023-03-24T14:24:00Z,"sad sierreno,corrido,corridos tumbados,musica mexicana,nueva musica mexicana,sierreno",0.784,0.826,7,-6.34,0,0.0538,0.0965,0.0000709,0.123,0.893,138.078,3
78Sw5GDo6AlGwTwanjXbGh,"5y8tKLUfMvliMe8IKamR32","Here With Me","Here With Me","d4vd",2022-09-22,242484,93,spotify:user:,2023-03-24T14:24:00Z,"bedroom pop",0.574,0.469,4,-8.209,1,0.0254,0.534,0.0000921,0.128,0.288,132.023,4
1lRtH4FszTrwwlK5gTSbXO,"0elWFr7TW8piilVRYJUe4P,12GqGscKJx3aE4t07u7eVZ,6Sbl0NT50roqWvy746MfVf","AMG","AMG","Natanael Cano,Peso Pluma,Gabito Ballesteros",2022-11-24,174942,91,spotify:user:,2023-03-24T14:24:00Z,"corrido,corridos tumbados,musica mexicana,nueva musica mexicana,sad sierreno,sierreno",0.772,0.73,11,-6.657,0,0.0972,0.152,0.000107,0.274,0.786,136.175,3
59hBR0BCtJsfIbV9VzCVAp,"1oSPZhvZMIrWW5I41kPkkY","Set Me Free Pt.2","Set Me Free Pt.2","Jimin",2023-03-17,200929,86,spotify:user:,2023-03-24T14:24:00Z,"",0.585,0.815,0,-4.165,0,0.0565,0.115,0,0.124,0.564,132.09,4
2UW7JaomAMuX9pZrjVpHAU,"1NNRWkhwmcXRimFYSBpB1y,12GqGscKJx3aE4t07u7eVZ","La Bebe - Remix","La Bebe (Remix)","Yng Lvcas,Peso Pluma",2023-03-17,234352,77,spotify:user:,2023-03-24T14:24:00Z,"urbano latino,urbano mexicano,sad sierreno",0.812,0.479,2,-5.678,0,0.333,0.213,0.00000121,0.0756,0.559,169.922,4
5mHdCZtVyb4DcJw8799hZp,"5KKpBU5eC2tJDzf0wmlRp2,12Zk1DFhCbHY6v3xep2ZjI","Escapism.","My 21st Century Blues","RAYE,070 Shake",2023-02-03,272373,80,spotify:user:,2023-03-24T14:24:00Z,"dance pop,pop,uk contemporary r&b,new jersey rap",0.538,0.742,2,-5.355,1,0.114,0.138,0.0000467,0.0934,0.25,96.107,4
2tTmW7RDtMQtBk7m2rYeSw,"716NhGYqD1jl2wI1Qkgq36,52iwsT98xCoGgiGntTiR7K","Quevedo: Bzrp Music Sessions, Vol. 52","Quevedo: Bzrp Music Sessions, Vol. 52","Bizarrap,Quevedo",2022-07-06,198937,92,spotify:user:,2023-03-24T14:24:00Z,"argentine hip hop,pop venezolano,trap argentino,trap latino,urbano latino,rap canario",0.621,0.782,2,-5.548,1,0.044,0.0125,0.033,0.23,0.55,128.033,4
7MXVkk9YMctZqd1Srtv4MB,"1Xyo4u8uXC1ZmMpatF05PJ,4tZwfgrHOc3mvqYlEYSvVi","Starboy","Starboy","The Weeknd,Daft Punk",2016-11-25,230453,91,spotify:user:,2023-03-24T14:24:00Z,"canadian contemporary r&b,canadian pop,pop,electro,filter house",0.679,0.587,7,-7.015,1,0.276,0.141,0.00000635,0.137,0.486,186.003,4
65FftemJ1DbbZ45DUfHJXE,"6HvZYsbFfjnjFrWF950C9d","OMG","NewJeans 'OMG'","NewJeans",2023-01-02,212253,92,spotify:user:,2023-03-24T14:24:00Z,"k-pop,k-pop girl group",0.804,0.771,9,-4.067,0,0.0433,0.357,0.00000307,0.108,0.739,126.956,4
7jtQIBanIiJOMS6RyCx6jZ,"2txHhyCwHjUEpJjWrEyqyX","Another Love","Long Way Down","Tom Odell",2013-06-17,244360,61,spotify:user:,2023-03-24T14:24:00Z,"chill pop,pop",0.442,0.538,4,-8.55,0,0.0451,0.717,0.0000295,0.09,0.139,122.758,4
6UN73IYd0hZxLi8wFPMQij,"6AMd49uBDJfhf30Ak2QR5s","Players","Players","Coi Leray",2022-11-30,139560,91,spotify:user:,2023-03-24T14:24:00Z,"new jersey underground rap,rap,trap queen,viral rap",0.954,0.516,6,-5.817,1,0.16,0.03,0.00000754,0.0504,0.624,105.001,4
5XeFesFbtLpXzIVDNQP22n,"7Ln80lUS6He07XvHI8qqHH","I Wanna Be Yours","AM","Arctic Monkeys",2013-09-09,183956,91,spotify:user:,2023-03-24T14:24:00Z,"garage rock,modern rock,permanent wave,rock,sheffield indie",0.464,0.417,0,-9.345,0,0.0256,0.136,0.022,0.0974,0.479,67.528,4
5odlY52u43F5BjByhxg7wg,"164Uj4eKjl6zTBKfJLFKKK","golden hour","this is what ____ feels like (Vol. 1-4)","JVKE",2022-09-23,209259,89,spotify:user:,2023-03-24T14:24:00Z,"modern indie pop",0.515,0.593,4,-4.801,1,0.0322,0.653,0.162,0.25,0.153,94.467,3
2mnXxnrX5vCGolNkaFvVeM,"4SsVbpTthjScTS7U2hmr1X,4q3ewBCX7sLwd24euuV69X","La Jumpa","Sr. Santos","Arcángel,Bad Bunny",2022-12-01,255693,86,spotify:user:,2023-03-24T14:24:00Z,"latin hip hop,reggaeton,urbano latino,trap latino",0.887,0.234,9,-14.52,1,0.178,0.111,0.67,0.13,0.197,140.02,4
4fYte8ZvTK14NEhAOZocBi,"5Pwc4xIPtQLFEnJriah9YJ","I Ain't Worried","OneRepublic (Japan Paradise Tour Edition)","OneRepublic",2023-02-15,148120,49,spotify:user:,2023-03-24T14:24:00Z,"piano rock,pop",0.697,0.802,0,-6.412,1,0.0456,0.0988,0.0000355,0.0614,0.822,139.951,4
2CeKVsFFXG4QzA415QygGb,"2LRoIwlKmHjgvigdNGBHNo","Feliz Cumpleaños Ferxxo","FELIZ CUMPLEAÑOS FERXXO TE PIRATEAMOS EL ÁLBUM","Feid",2022-09-14,155960,88,spotify:user:,2023-03-24T14:24:00Z,"colombian pop,pop reggaeton,reggaeton colombiano,urbano latino",0.865,0.573,5,-5.501,1,0.0678,0.0863,0,0.305,0.563,94.999,4
2L9N0zZnd37dwF0clgxMGI,"1GmsPCcpKgF9OhlNXjOsbS","ceilings","five seconds flat","Lizzy McAlpine",2022-04-08,182887,89,spotify:user:,2023-03-24T14:24:00Z,"boston folk,indie pop,pop",0.516,0.322,9,-11.762,1,0.0292,0.473,0.00194,0.215,0.261,148.005,3
7MVIfkyzuUmQ716j8U7yGR,"5szJHKg5xeUlQ9pTqzdpic,19HM5j0ULGSmEoRcrSe5x3","Rara Vez","Rara Vez","Taiu,Milo j",2023-02-08,128677,87,spotify:user:,2023-03-24T14:24:00Z,"",0.838,0.708,5,-4.668,0,0.166,0.176,0,0.343,0.96,119.984,4
6otePxalBK8AVa20xhZYVQ,"790FomKkXshlbRYZFtlgla","MIENTRAS ME CURO DEL CORA","MAÑANA SERÁ BONITO","KAROL G",2023-02-24,164386,87,spotify:user:,2023-03-24T14:24:00Z,"reggaeton,reggaeton colombiano,urbano latino",0.523,0.477,0,-6.786,1,0.392,0.855,0,0.146,0.57,79.921,4
0CYTGMBYkwUxrj1MWDLrC5,"2LRoIwlKmHjgvigdNGBHNo","CHORRITO PA LAS ANIMAS","SIXDO","Feid",2022-12-02,168133,90,spotify:user:,2023-03-24T14:24:00Z,"colombian pop,pop reggaeton,reggaeton colombiano,urbano latino",0.743,0.831,8,-4.042,0,0.0584,0.114,0.0000643,0.35,0.609,95.975,4
4iZ4pt7kvcaH6Yo8UoZ4s2,"7tYKF4w9nC0nq9CsPZTHyP","Snooze","SOS","SZA",2022-12-09,201800,90,spotify:user:,2023-03-24T14:24:00Z,"pop,r&b",0.559,0.551,5,-7.231,1,0.132,0.141,0,0.11,0.392,143.008,4
38UYeBLfvpnDSG9GznZdnL,"3AA28KZvwAUcZuOKwyblJQ,4q3ewBCX7sLwd24euuV69X","Tormenta (feat. Bad Bunny)","Cracker Island","Gorillaz,Bad Bunny",2023-02-24,193463,89,spotify:user:,2023-03-24T14:24:00Z,"alternative hip hop,reggaeton,trap latino,urbano latino",0.637,0.768,0,-6.468,1,0.056,0.458,0.00192,0.378,0.297,94.982,4
0JXXNGljqupsJaZsgSbMZV,"360IAlyVv4PCEVjgyMZrxK","Sure Thing","All I Want Is You","Miguel",2010-11-26,195373,91,spotify:user:,2023-03-24T14:24:00Z,"dance pop,pop,r&b",0.684,0.607,11,-8.127,0,0.1,0.0267,0.000307,0.191,0.498,81.001,4
561jH07mF1jHuk7KlaeF0s,"7dGJo4pcD2V6oG8kP0tJRR","Mockingbird","Encore (Deluxe Version)","Eminem",2004-11-12,250760,90,spotify:user:,2023-03-24T14:24:00Z,"detroit hip hop,hip hop,rap",0.637,0.678,0,-3.798,1,0.266,0.209,0,0.156,0.254,84.039,4
54ipXppHLA8U4yqpOFTUhr,"53XhwfbYqKCa1cC15pYq2q","Bones","Mercury - Acts 1 & 2","Imagine Dragons",2022-07-01,165264,85,spotify:user:,2023-03-24T14:24:00Z,"modern rock,rock",0.772,0.75,5,-3.67,0,0.0455,0.0201,0,0.074,0.587,114.061,4
6TBzRwnX2oYd8aOrOuyK1p,"3l9G1G9MxH6DaRhwLklaf5,7Gi6gjaWy3DxyilpF1a8Is","Fin de Semana","Fin de Semana","Oscar Maydon,Junior H",2023-01-13,224920,89,spotify:user:,2023-03-24T14:24:00Z,"corrido,nueva musica mexicana,corridos tumbados,musica mexicana,sad sierreno,sierreno",0.699,0.541,0,-4.943,1,0.0826,0.0628,0,0.0916,0.365,98.395,4
4NoOME4Dhf4xgxbHDT7VGe,"790FomKkXshlbRYZFtlgla,5lwmRuXgjX8xIwlnauTZIP","X SI VOLVEMOS","MAÑANA SERÁ BONITO","KAROL G,Romeo Santos",2023-02-24,200120,84,spotify:user:,2023-03-24T14:24:00Z,"reggaeton,reggaeton colombiano,urbano latino,bachata",0.794,0.807,1,-3.447,0,0.326,0.334,0,0.104,0.575,178.003,4
