﻿Spotify ID,Artist IDs,Track Name,Album Name,Artist Name(s),Release Date,Duration (ms),Popularity,Added By,Added At,Genres,Danceability,Energy,Key,Loudness,Mode,Speechiness,Acousticness,Instrumentalness,Liveness,Valence,Tempo,Time Signature
3Kw7zkALCVxY4wmlnh2IWC,"4GJ6xDCF5jaUqD6avOuQT6","Cupid - Twin Ver.","The Beginning: Cupid","FIFTY FIFTY",2023-02-24,174253,81,spotify:user:,2023-03-24T16:09:48Z,"",0.782,0.587,11,-8.3,0,0.0324,0.428,0.00000185,0.337,0.76,120.041,4
6rdqabpJT3jplQzor1os8j,"509YLwDnYeTaVfX0Kl6Jdn,2n5g6GMUmSCommxT8NHNPa","Abadi","Abadi","Dendi Nata,Hendra Kumbara",2023-02-24,292864,65,spotify:user:,2023-03-24T16:09:48Z,"indonesian folk,semarang indie,dangdut,javanese dangdut,lagu jawa",0.481,0.715,7,-5.806,1,0.0264,0.0363,0.0000283,0.236,0.407,139.983,4
4dKa5ZzlGqUy3Wo0yaXKNI,"4GJ6xDCF5jaUqD6avOuQT6","Cupid","The Beginning: Cupid","FIFTY FIFTY",2023-02-24,174253,81,spotify:user:,2023-03-24T16:09:48Z,"",0.77,0.661,2,-8.199,1,0.0336,0.652,0,0.383,0.943,120.053,4
47OFMuRu5lzJHRbtEXPBbs,"6Dp4LInLyMVA2qhRqQ6AGL","Uhaw (Tayong Lahat)","Uhaw (Tayong Lahat)","Dilaw",2022-12-16,241185,70,spotify:user:,2023-03-24T16:09:48Z,"pinoy indie",0.635,0.724,5,-6.662,1,0.0716,0.28,0.00000383,0.105,0.316,135.927,4
7g0PwcVq4qNuum1ex9OO0N,"6Dg35SGkgpUJ2hGAYrx5Qa","Elevate","Elevate","Jeff Grecia",2022-12-23,218650,73,spotify:user:,2023-03-24T16:09:48Z,"tagalog rap",0.894,0.63,0,-10.993,0,0.14,0.535,0,0.0996,0.6,121.08,4
5OaXaynJZgklXEwzhouey5,"2ztuZ95DKP7O7DDAxCKYen","กลิ่นดอกไม้","กลิ่นดอกไม้","Newery",2019-08-07,232750,67,spotify:user:,2023-03-24T16:09:48Z,"",0.495,0.702,9,-5.603,1,0.0324,0.0997,0.00000969,0.328,0.461,180.077,4
0uGpWtQgtZ6UcFXnFiNhNq,"3prRKGJz16RRMRSIM97nHw,4YqwRbMLqGHRHLS1w2ZKse,6TPJK8tv3AKKSsw0lENTQk,5OvehyyUJ5edWaogL9o4Ka","Nunca Sozinho","Nunca Sozinho","Supernova Ent,Veigh,Nagalli,Rocco",2023-03-03,137102,71,spotify:user:,2023-03-24T16:09:48Z,"trap brasileiro,musica triste brasileira",0.818,0.701,1,-5.656,0,0.342,0.0605,0,0.485,0.947,139.963,4
3x8hqraew3LLsZENdhGv3P,"0JVl2O7TNYlEc6Lc2jHW3o","MERVE - Masada Chivas","MERVE (Masada Chivas)","B4TU INC.",2023-03-15,159112,52,spotify:user:,2023-03-24T16:09:48Z,"new school turkce rap",0.807,0.763,2,-3.229,1,0.0509,0.481,0.00000126,0.107,0.426,126.016,4
7MVIfkyzuUmQ716j8U7yGR,"5szJHKg5xeUlQ9pTqzdpic,19HM5j0ULGSmEoRcrSe5x3","Rara Vez","Rara Vez","Taiu,Milo j",2023-02-08,128677,87,spotify:user:,2023-03-24T16:09:48Z,"",0.838,0.708,5,-4.668,0,0.166,0.176,0,0.343,0.96,119.984,4
7bSlafYF33JHLoB9NtsL9V,"0ZUdYzRCIrxbsd80MmGMqo","Look At Us Now (Honeycomb)","AURORA","Daisy Jones & The Six",2023-03-02,332386,71,spotify:user:,2023-03-24T16:09:48Z,"",0.323,0.761,7,-6.143,1,0.0479,0.00942,0.000586,0.0827,0.466,141.282,4
1JjiTsqfpfMoukoIW9cM5O,"0H942IkjXv9bjx5OxoG7kh,2MQN1o9W3ULxdT38vj8g4Q","XTAYALIVE","XTAYALIVE","jnhygs,9lives",2023-02-22,126897,69,spotify:user:,2023-03-24T16:09:48Z,"sigilkore",0.247,0.869,6,-4.781,0,0.0958,0.000184,0.00000141,0.404,0.25,202.792,5
40gk32E7YaTFoQwDIWv2SY,"7dIpKWlEeAljA20vFJ82RD","Christmas Kids","I Can't Handle Change","Roar",2010-03-14,135693,78,spotify:user:,2023-03-24T16:09:48Z,"indie pop,weirdcore",0.425,0.754,2,-6.028,1,0.0367,0.0104,0.112,0.438,0.558,152.092,4
1SRw5p2lVAi7RGlHEmZg66,"6BH1xcDkwbbyrLMUKECsW1","Favorite Song","Favorite Song","Toosii",2023-02-17,208630,80,spotify:user:,2023-03-24T16:09:48Z,"north carolina hip hop",0.816,0.367,2,-9.354,1,0.0588,0.314,0,0.0987,0.413,116.035,4
6N21iOdTYgYjDK1AyS0iUW,"1cCttBLMdXSirH1ENijMcU","Sky Like Dreams (SU)","Himmlische Träume","CNML",2023-01-01,89721,68,spotify:user:,2023-03-24T16:09:48Z,"",0.504,0.47,11,-11.818,1,0.296,0.128,0,0.587,0.709,118.676,3
4ChIBnH5lO5thSaNeMV0oE,"0pVJXCGsBydS7rq0R4w4hm,0F1EEVbFwozNDGU9DAdpq8","BEBÊ TÁ SOLTA","BEBÊ TÁ SOLTA","Yuri Redicopa,Dj Bnão",2023-02-15,197104,72,spotify:user:,2023-03-24T16:09:48Z,"funk 150 bpm,funk mtg",0.939,0.612,9,-9.452,1,0.0505,0.865,0.433,0.111,0.946,130.028,4
73ZWAySu4UX5LkpCM6zjYh,"3Ru5n2T3JIrjnSZhf2rinv","CHRONICALLY CAUTIOUS","CHRONICALLY CAUTIOUS","Braden Bales",2023-02-24,119571,75,spotify:user:,2023-03-24T16:09:48Z,"",0.698,0.581,1,-4.33,1,0.155,0.262,0,0.166,0.865,139.89,4
1DmW5Ep6ywYwxc2HMT5BG6,"49aaHxvAJ0tCh0F15OnwIl","Tattoo","Tattoo","Loreen",2023-02-25,183374,81,spotify:user:,2023-03-24T16:09:48Z,"electropop,europop,swedish pop",0.545,0.779,3,-6.235,0,0.0751,0.243,0.00000166,0.123,0.303,150.002,4
2AaaE0qvFWtyT8srKNfRhH,"5LcNPa8f8bRmZqELgoRFkN","Komang","Komang","Raim Laode",2022-08-17,222706,85,spotify:user:,2023-03-24T16:09:48Z,"",0.696,0.412,7,-8.547,1,0.027,0.415,0.0000616,0.1,0.349,133.913,4
1oOamzG57yPWa5PTxXguDt,"5YgOA27qcu8nSl1lp5ektj","missin something","orange blood","Zach Templar",2023-02-02,145833,72,spotify:user:,2023-03-24T16:09:48Z,"",0.626,0.535,9,-4.901,0,0.0289,0.71,0.00000176,0.109,0.358,143.851,3
2RUcwyW74Sv4VracHFrKdh,"1oSPZhvZMIrWW5I41kPkkY","Promise","Promise","Jimin",2018-12-31,151011,81,spotify:user:,2023-03-24T16:09:48Z,"",0.692,0.534,2,-7.155,1,0.0433,0.83,0.00000557,0.238,0.739,88.964,4
24MMjyA3NLqCsDJfsn51eg,"74RGMjbSsFv5RLj8wVx9Yv,6nAMu7pGqdwUSsGMZPUvSk,1i31OYo0s5VoMCaMRJFZkJ","Mi Amor","Mi Amor","Sharn,40k,The Paul",2022-09-30,203048,76,spotify:user:,2023-03-24T16:09:48Z,"",0.637,0.703,4,-5.297,0,0.0789,0.53,0.00000423,0.11,0.553,81.99,4
2OrucC3HEPmZpkaQ05Nx0V,"6hxcqtqpmf08pTDkffU5xx,2jjSx5EpZwv9iBAgFkGWPh,1wxPItEzr7U7rGSMPqZ25r","novocaine","unfortunately yours,","GenriX,CORBAL,Shiloh Dynasty",2023-01-13,195605,73,spotify:user:,2023-03-24T16:09:48Z,"lo-fi chill,sad lo-fi",0.608,0.311,4,-11.255,0,0.154,0.592,0,0.174,0.426,180.362,4
0JmnkIqdlnUzPaf8sqBRs3,"1U1el3k54VvEUzo3ybLPlM","Moonlight","Red Moon In Venus","Kali Uchis",2023-03-03,187723,77,spotify:user:,2023-03-24T16:09:48Z,"colombian pop,pop",0.642,0.706,7,-6.872,0,0.052,0.518,0,0.25,0.896,136.851,4
4W4fNrZYkobj539TOWsLO2,"1Xyo4u8uXC1ZmMpatF05PJ,66CXWjxzNUsdJxJ2JdwvnR","Die For You (with Ariana Grande) - Remix","Starboy (Deluxe)","The Weeknd,Ariana Grande",2023-03-14,232857,74,spotify:user:,2023-03-24T16:09:48Z,"canadian contemporary r&b,canadian pop,pop,dance pop",0.575,0.5,1,-7.594,0,0.0707,0.227,0,0.335,0.506,67.033,4
4uqJelb9THHmJ3OCohg4ZJ,"0uGWkZRPp1Urk77XBrPBsZ,2CKOmarVWvWqkNWUatHCex","Nosso Quadro","Nosso Quadro","AgroPlay,Ana Castela",2023-02-02,173698,78,spotify:user:,2023-03-24T16:09:48Z,"sertanejo pop,funk rj",0.691,0.708,9,-4.821,1,0.195,0.338,0,0.311,0.602,160.018,4
2bdVgAQgosGUJoViVDNeOV,"3pc0bOVB5whxmD50W79wwO","LIMBO","GABRIEL","keshi",2022-03-25,212784,82,spotify:user:,2023-03-24T16:09:48Z,"chill r&b,pop",0.577,0.366,8,-11.792,1,0.0368,0.879,0.0000776,0.137,0.0841,129.923,4
6AQbmUe0Qwf5PZnt4HmTXv,"78rUTD7y6Cy67W1RVzYs7t,3LZZPxNDGDFVSIPqf4JuEf","Boy's a liar Pt. 2","Boy's a liar Pt. 2","PinkPantheress,Ice Spice",2023-02-03,131013,96,spotify:user:,2023-03-24T16:09:48Z,"",0.696,0.809,5,-8.254,1,0.05,0.252,0.000128,0.248,0.857,132.962,4
2hHC2jw8qiE4IAPDGjU4Fu,"3GWuJyC9r6Ug0F6jeLzTpY,2K5nCggbhSZ00YCYP5qkZS,23TFHmajVfBtlRx5MXqgoz,7F2utINZ6tSokSiZTQBE27","Gelosa (feat. Shiva, Sfera Ebbasta, Guè)","Gelosa (feat. Shiva, Sfera Ebbasta, Guè)","Finesse,Shiva,Sfera Ebbasta,Guè",2023-02-24,181611,79,spotify:user:,2023-03-24T16:09:48Z,"italian hip hop,trap italiana,italian pop,trap latino",0.726,0.672,7,-5.5,1,0.0704,0.0378,0,0.105,0.479,150.068,4
4VsP4Dm8gsibRxB5I2hEkw,"1n9EM0Y4A89vuRiA93gSS9","Kahani Suno 2.0","Kahani Suno 2.0","Kaifi Khalil",2022-05-31,173637,84,spotify:user:,2023-03-24T16:09:48Z,"balochi pop",0.577,0.379,11,-13.235,1,0.0374,0.909,0.000586,0.0986,0.26,139.585,3
6otePxalBK8AVa20xhZYVQ,"790FomKkXshlbRYZFtlgla","MIENTRAS ME CURO DEL CORA","MAÑANA SERÁ BONITO","KAROL G",2023-02-24,164386,87,spotify:user:,2023-03-24T16:09:48Z,"reggaeton,reggaeton colombiano,urbano latino",0.523,0.477,0,-6.786,1,0.392,0.855,0,0.146,0.57,79.921,4
6KXKcH4QO1MiGrMQOGoADP,"3FBEsNyIwRnOHOf1Rv3SLa","PAINTING PICTURES","PAINTING PICTURES","Superstar Pride",2023-03-13,122070,59,spotify:user:,2023-03-24T16:09:48Z,"",0.956,0.515,11,-9.962,0,0.337,0.305,0,0.156,0.69,119.937,4
0oigSejhoNen2EdNAIFcm5,"6PfSUFtkMVoDkx4MQkzOi3","Hollywood Baby","10,000 gecs","100 gecs",2023-03-17,187693,63,spotify:user:,2023-03-24T16:09:48Z,"hyperpop,proto-hyperpop,scenecore",0.354,0.931,10,0.706,1,0.0769,0.0586,0,0.298,0.564,77.135,4
3v5o91PrUtf0nmO6j8J7dZ,"0LOK81e9H5lr61HlGGHqwA","LEFT RIGHT","SHOOTING STAR","XG",2023-01-25,208065,79,spotify:user:,2023-03-24T16:09:48Z,"",0.767,0.721,1,-5.586,1,0.0456,0.153,0.00000152,0.108,0.884,150.065,4
3X6QTmtaKukOu5lISJYi4g,"1bzx15Bv1ioIaewP85ad5J,6od7hFnrVLa1zCuSyQimic,6FPxOArEPVZUDv925qq8IQ","ORIGAMI ALL'ALBA - CLARA","ORIGAMI ALL'ALBA","Matteo Paolillo - Icaro,Lolloflow,CLARA",2023-02-24,153758,77,spotify:user:,2023-03-24T16:09:48Z,"",0.633,0.751,8,-6.479,0,0.0643,0.577,0,0.141,0.43,143.91,4
38UYeBLfvpnDSG9GznZdnL,"3AA28KZvwAUcZuOKwyblJQ,4q3ewBCX7sLwd24euuV69X","Tormenta (feat. Bad Bunny)","Cracker Island","Gorillaz,Bad Bunny",2023-02-24,193463,89,spotify:user:,2023-03-24T16:09:48Z,"alternative hip hop,reggaeton,trap latino,urbano latino",0.637,0.768,0,-6.468,1,0.056,0.458,0.00192,0.378,0.297,94.982,4
39sDitIeCMrVX2QyXHY46t,"0Y6dVaC9DZtPNH4591M42W","Blue Hair","Death of a Party Girl","TV Girl",2018-05-08,217000,81,spotify:user:,2023-03-24T16:09:48Z,"indie pop",0.751,0.72,4,-6.376,1,0.0303,0.554,0.0497,0.258,0.884,135.73,4
3IUfGKVNE3QN1tePTN1bxF,"0jH6MFIcFJ9LpvHJ8xws6d,2WfHd8ywTD4968YzTSmzF9,1PDcVWGthnDkYv57hoQSpG","YALA DEDI YALAMA","YALA DEDI YALAMA","yungcihad,Qimp,SWIRF",2023-01-20,125714,72,spotify:user:,2023-03-24T16:09:48Z,"new school turkce rap",0.795,0.96,4,-3.238,0,0.155,0.405,0,0.167,0.946,125.956,4
2L9N0zZnd37dwF0clgxMGI,"1GmsPCcpKgF9OhlNXjOsbS","ceilings","five seconds flat","Lizzy McAlpine",2022-04-08,182887,89,spotify:user:,2023-03-24T16:09:48Z,"boston folk,indie pop,pop",0.516,0.322,9,-11.762,1,0.0292,0.473,0.00194,0.215,0.261,148.005,3
1QxTmNDHFmgaxgAolqqgAD,"1IMENE2OCzsrXuu62aW1mD","22","22","JayO",2023-02-22,142120,77,spotify:user:,2023-03-24T16:09:48Z,"",0.534,0.821,5,-7.463,1,0.107,0.693,0.0000102,0.078,0.509,111.032,5
3WCrBnWabeuTk2wr6UwaYV,"1GMwSpFzrLd12jUX15bHB6","AFFETMEM","AFFETMEM","BLOK3",2023-01-13,182117,78,spotify:user:,2023-03-24T16:09:48Z,"new school turkce rap,turkce drill",0.646,0.685,3,-11.027,0,0.0762,0.586,0.00000178,0.105,0.539,142.115,4
5RX8T3EoTuXcybAxe6oPAw,"6LkMGN0t3HDNL8hIvma70r","Cha Cha Cha","Cha Cha Cha","Käärijä",2023-01-17,175161,73,spotify:user:,2023-03-24T16:09:48Z,"finnish hip hop",0.718,0.791,2,-5.572,1,0.0447,0.00207,0.00292,0.111,0.743,155.082,4
0DWdj2oZMBFSzRsi2Cvfzf,"790FomKkXshlbRYZFtlgla,0EmeFodog0BfCgMzAIvKQp","TQG","MAÑANA SERÁ BONITO","KAROL G,Shakira",2023-02-24,197933,96,spotify:user:,2023-03-24T16:09:48Z,"reggaeton,reggaeton colombiano,urbano latino,colombian pop,dance pop,latin pop",0.72,0.63,4,-3.547,0,0.277,0.673,0,0.0936,0.607,179.974,4
6qrcJkIpuWpxH0ruS8WVAy,"3u65Tx20y4WqxO7W7khEhj","In This Darkness","In This Darkness","Clara La San",2023-01-29,197000,74,spotify:user:,2023-03-24T16:09:48Z,"",0.647,0.228,2,-19.288,1,0.0668,0.841,0.00149,0.108,0.189,119.828,4
4PUmVspCOFioja8MFM653t,"7dtC84FkhalFSKToofOdOv","Flores Amarillas","Floricienta","Floricienta",2005-06-21,223186,62,spotify:user:,2023-03-24T16:09:48Z,"argentine telepop",0.708,0.794,6,-5.565,1,0.0272,0.0444,0,0.143,0.626,121.995,4
0wrWxW18WK2MkrfDpRHkyh,"2mAYpnSe3g2Y22JcZ2ddku","Me and the Devil","Sugarbread","Soap&Skin",2013-03-11,185000,73,spotify:user:,2023-03-24T16:09:48Z,"art pop,austrian pop,melancholia",0.397,0.446,7,-7.032,1,0.0373,0.49,0.00892,0.111,0.214,178.05,4
1PSFtCx1i5J6b7mSxhTXIz,"5Nfs3z1NSsrI3wxInUl6v8,7w089qcbkrJcuYYDzpWTeJ","Samay Samjhayega (Lofi)","Samay Samjhayega (Lofi)","Mohit Lalwani,Bharat Kamal",2023-01-23,102906,65,spotify:user:,2023-03-24T16:09:48Z,"hare krishna",0.237,0.133,2,-20.336,1,0.0348,0.842,0.0000326,0.389,0.097,171.49,4
3kf0WdFOalKWBkCCLJo4mA,"2rmkQLzj0k4nZdQehOUByO","El Gordo Trae El Mando","El Gordo Trae El Mando","Chino Pacas",2023-01-27,112087,87,spotify:user:,2023-03-24T16:09:48Z,"corrido,corridos tumbados,nueva musica mexicana",0.736,0.8,7,-5.38,0,0.0525,0.179,0,0.0498,0.961,140.253,3
2Nt4eocAv9wi1vHshhSdpF,"1GMwSpFzrLd12jUX15bHB6","VUR","VUR","BLOK3",2022-11-11,190270,77,spotify:user:,2023-03-24T16:09:48Z,"new school turkce rap,turkce drill",0.613,0.566,1,-13.714,1,0.153,0.355,0.00002,0.121,0.697,143.011,4
6Xj014IHwbLVjiVT6H89on,"31VFEohvhOUKrtAONEBhMG","Malas Decisiones","K23","Kenia OS",2022-10-26,139146,85,spotify:user:,2023-03-24T16:09:48Z,"reggaeton mexicano,urbano mexicano",0.812,0.791,8,-3.704,0,0.0279,0.0474,0.0000908,0.305,0.635,109.969,3
6YNzvCsLwAJ4xZjdK9qk3r,"5CAruGjgds3QlF5ICtEnnc,6rHwFb0YjWexAYxTjm4eIj,7HYJrA3HSTNDmkl5pylhaY,3k090bKo2iSqNdowffKHrt,29fcEFHRcOhfTYXvS8POPV,2IAxPmQzx2NuutHe7ta7gs,5Hhbu5PnHYAkO5LOVeEsmx,5AYSnRNynWULTIDjzAbgxV,0wWmUneAuhQn9L3qibj5UO","Te Extraño a Lo Vio (feat. Balbi El Chamako, Bayron Fire, Bayriton, Tommy Boysen, Gringuitos Records, El Rey) - Remix","Te Extraño a Lo Vio (feat. Balbi El Chamako, Bayron Fire, Bayriton, Tommy Boysen, Gringuitos Records, El Rey) [Remix]","Jairo Vera,Nickoog Clk,Gino Mella,Balbi El Chamako,Bayriton,Bayron Fire,El Rey,Gringuitos Records,Tommy Boysen",2023-02-14,483683,73,spotify:user:,2023-03-24T16:09:48Z,"mambo chileno,urbano chileno,reggaeton chileno,reggaeton flow,urbano latino",0.734,0.728,10,-6.218,0,0.0435,0.138,0,0.116,0.583,93.996,4
